url_length,digit_count,special_char_count,has_ip,subdomain_count,has_https,suspicious_tld,domain_age_days,keyword_density,has_password_input,label
37,0,7,0,1,0,0,-1,0,0,1
37,0,7,0,1,0,0,-1,0,0,1
77,17,7,0,0,0,0,7776,0,0,1
126,19,19,0,3,1,0,-1,0,0,1
18,0,5,0,1,0,0,-1,0.4,0,1
55,0,10,0,1,0,0,-1,0,0,1
32,0,8,0,2,0,0,-1,0,0,1
19,0,5,0,1,0,0,-1,0.2,0,1
81,21,8,0,1,0,0,-1,0,0,1
42,0,6,0,1,0,0,-1,0.2,0,1
104,8,18,0,0,1,0,11388,0,0,1
56,0,9,0,1,1,0,-1,0,0,1
43,8,9,0,1,1,0,-1,0,0,1
83,1,15,0,0,1,0,3527,0.6,0,1
31,2,6,0,0,0,0,-1,0,0,1
25,0,6,0,1,1,0,-1,0,0,1
51,1,10,0,2,0,0,-1,0,0,1
31,0,6,0,1,1,0,-1,0,0,1
50,3,8,0,1,0,0,-1,0,0,1
34,0,7,0,1,0,0,-1,0,0,1
27,4,6,0,1,0,0,-1,0,0,1
63,0,13,0,2,0,0,-1,0.6,0,1
66,0,11,0,1,1,0,-1,0.8,0,1
40,4,8,0,0,0,0,3205,0,0,1
48,0,9,0,0,0,0,5496,0,0,1
126,12,18,0,3,0,0,-1,0,0,1
41,0,6,0,1,1,0,-1,0,0,1
36,0,6,0,1,1,0,-1,0,0,1
72,0,15,0,1,0,0,-1,0,0,1
68,11,9,0,3,0,0,-1,0,0,1
163,65,23,0,1,0,0,-1,0,0,1
26,0,6,0,1,0,0,-1,0.6,1,1
64,22,7,0,1,0,0,-1,0,0,1
36,9,8,0,3,0,0,-1,0,0,1
61,0,10,0,0,0,0,5788,0,0,1
66,14,9,0,1,1,0,-1,0.4,0,1
35,0,6,0,1,1,0,-1,0,0,1
113,0,19,0,0,0,0,-1,0,0,1
41,0,9,0,1,0,0,-1,0,0,1
23,0,7,0,1,0,0,-1,0,0,1
31,0,6,0,1,0,0,-1,0.4,0,1
84,0,12,0,0,0,0,5146,0,0,1
29,0,6,0,1,0,0,-1,0,0,1
98,29,14,0,1,0,0,-1,0,0,1
15,0,4,0,0,0,0,-1,0.2,0,1
65,0,11,0,1,0,0,-1,0.4,0,1
131,4,19,0,1,1,0,-1,0.2,0,1
50,0,8,0,1,1,0,-1,0.4,0,1
51,0,7,0,1,0,0,-1,0,0,1
45,6,9,0,1,1,0,-1,0,0,1
159,43,16,0,0,0,0,3521,0,0,1
44,10,8,0,1,1,0,-1,0.2,0,1
103,8,12,0,1,1,0,-1,0,0,1
46,0,10,0,2,0,0,-1,0,0,1
45,0,8,0,1,1,0,-1,0,0,1
51,0,9,0,2,0,0,-1,0,0,1
38,0,8,0,1,0,0,-1,0,0,1
81,23,8,0,1,0,0,-1,0,0,1
112,0,17,0,1,0,0,-1,0.6,0,1
39,0,7,0,1,1,0,-1,0.4,1,1
99,8,14,0,1,1,0,-1,0,0,1
45,0,7,0,1,1,0,-1,0,0,1
60,2,11,0,3,0,0,-1,0,0,1
74,6,17,0,1,0,0,-1,0,0,1
61,0,11,0,1,0,0,-1,0,0,1
40,5,7,0,3,1,0,-1,0,0,1
52,2,8,0,1,0,0,-1,0,0,1
88,0,15,0,2,1,0,-1,0.4,1,1
74,2,10,0,0,0,0,7897,0,0,1
46,3,9,0,1,0,0,-1,0,0,1
54,0,8,0,1,0,0,-1,0,0,1
54,0,9,0,0,0,0,-1,0,0,1
38,0,8,0,1,1,0,-1,0,0,1
67,0,11,0,1,0,0,-1,0.2,0,1
62,0,14,0,0,0,0,-1,0,0,1
59,4,10,0,0,0,0,158,0,0,1
57,1,8,0,2,1,0,-1,0,0,1
32,0,7,0,0,0,0,-1,0.2,0,1
46,0,8,0,1,0,0,-1,0,0,1
37,0,7,0,1,1,0,-1,0,0,1
36,1,5,0,1,0,0,-1,0,0,1
52,2,10,0,0,0,0,2994,0,0,1
32,8,6,0,1,0,0,-1,0,0,1
34,0,5,0,0,1,0,-1,0.8,0,1
27,0,7,0,2,0,0,-1,0,0,1
92,28,12,0,1,0,0,-1,0,0,1
102,6,17,0,1,0,0,-1,0.2,0,1
32,0,6,0,1,1,0,-1,0.6,0,1
29,0,6,0,1,1,0,-1,0,0,1
119,1,18,0,1,0,0,2557,0,0,1
59,4,9,0,1,1,0,-1,0,0,1
54,0,8,0,0,0,0,6875,0.6,0,1
151,41,9,0,0,0,0,-1,0,0,1
84,3,14,0,1,0,0,-1,0.6,0,1
55,0,11,0,1,0,0,-1,0,0,1
18,0,5,0,0,1,0,-1,0.6,0,1
39,0,6,0,1,1,0,-1,0.4,0,1
28,0,7,0,1,1,0,-1,0.6,0,1
32,0,8,0,1,0,0,-1,0.4,0,1
16,0,4,0,0,0,0,-1,0,0,1
23,0,6,0,0,0,0,6162,0,0,1
29,0,7,0,2,0,0,-1,0,0,1
29,0,6,0,1,1,0,-1,0,0,1
41,0,7,0,1,1,0,-1,0.2,0,1
22,4,5,0,0,1,0,6471,0,0,1
52,2,10,0,1,0,0,-1,0,0,1
38,1,10,0,1,0,0,-1,0,0,1
30,0,7,0,2,1,0,-1,0.8,0,1
76,8,10,0,3,0,0,-1,0,0,1
430,17,99,1,2,0,0,-1,0,0,1
37,0,6,0,1,0,0,-1,0,0,1
73,5,12,0,1,0,0,-1,0,0,1
56,6,11,0,1,0,0,-1,0,0,1
70,0,14,0,0,1,0,5405,0,0,1
70,0,10,0,1,0,0,-1,0,0,1
52,4,9,0,1,0,0,-1,0,0,1
31,0,7,0,1,1,0,-1,0.4,1,1
90,22,11,0,1,1,0,-1,0,0,1
45,7,9,0,1,0,0,-1,0,0,1
55,2,9,0,1,0,0,-1,0,0,1
65,5,12,0,1,0,0,-1,0,0,1
41,3,7,0,1,0,0,-1,0,0,1
71,12,11,0,0,1,0,-1,0,0,1
83,6,12,0,1,1,0,-1,0.2,0,1
73,25,8,0,0,0,0,147,0,0,1
44,9,8,0,1,0,0,-1,0,0,1
114,6,17,0,1,0,0,-1,0,0,1
127,20,18,0,3,1,0,-1,0,0,1
99,7,12,0,1,0,0,-1,0,0,1
56,0,11,0,1,0,0,-1,0,0,1
51,0,8,0,1,1,0,-1,0,0,1
51,0,10,0,1,0,0,-1,0,0,1
40,0,9,0,1,1,0,-1,0,0,1
33,0,10,0,2,0,0,-1,0,0,1
88,0,14,0,1,1,0,-1,0,0,1
122,6,21,0,1,1,0,-1,0,0,1
53,0,8,0,1,0,0,-1,0.4,0,1
46,4,11,0,5,1,0,-1,0,0,1
36,0,5,0,1,0,0,-1,0,0,1
31,0,6,0,1,0,0,-1,0.2,0,1
48,0,11,0,1,1,0,-1,0.6,0,1
101,0,14,0,0,1,0,-1,0,0,1
41,0,8,0,1,0,0,-1,0,0,1
43,4,8,0,3,0,0,-1,0,0,1
15,0,4,0,0,0,0,-1,0,0,1
42,3,10,0,1,0,0,-1,0.2,0,1
51,0,9,0,0,0,0,6432,0.2,0,1
48,0,11,0,1,0,0,-1,0,0,1
49,0,8,0,0,0,0,9751,0.2,0,1
25,0,8,0,0,1,0,4667,0,0,1
49,1,10,0,1,1,0,-1,0,0,1
48,1,8,0,1,0,0,-1,0.6,0,1
108,4,15,0,1,0,0,-1,0,0,1
39,0,7,0,0,0,0,3051,0,0,1
80,0,13,0,2,0,0,-1,0,0,1
36,0,7,0,1,0,0,-1,0.2,0,1
28,0,7,0,1,1,0,-1,0.2,0,1
33,2,6,0,1,1,0,-1,0,0,1
23,0,7,0,2,1,0,-1,0,0,1
77,0,12,0,1,1,0,-1,0.8,0,1
342,142,37,0,2,1,0,-1,0,0,1
38,5,7,0,1,1,0,-1,0,0,1
73,0,12,0,1,0,0,-1,0.2,0,1
33,0,7,0,1,1,0,-1,0.4,0,1
67,0,12,0,1,0,0,-1,0,0,1
39,2,7,0,1,1,0,-1,0,0,1
24,0,6,0,1,1,0,-1,0,0,1
26,0,6,0,1,1,0,-1,0,0,1
39,5,9,0,0,1,0,11276,0,0,1
62,22,8,0,2,0,0,-1,0,0,1
41,0,8,0,0,0,0,3921,0,0,1
40,0,6,0,1,1,0,-1,0,0,1
51,0,9,0,1,0,0,-1,0,0,1
59,4,12,0,1,1,0,-1,0,0,1
50,0,9,0,1,1,0,-1,0,0,1
52,3,8,0,1,0,0,-1,0,0,1
43,0,8,0,0,0,0,5925,0,0,1
94,12,13,0,1,0,0,-1,0,0,1
60,0,9,0,1,0,0,-1,0,0,1
18,0,4,0,0,0,0,-1,0,0,1
204,27,15,0,1,1,0,-1,0.2,0,1
94,15,14,0,2,1,0,-1,0.4,1,1
41,0,9,0,3,0,0,-1,0,0,1
19,3,6,0,1,0,0,-1,0,0,1
35,1,7,0,0,0,0,-1,0,0,1
63,0,10,0,0,0,0,4890,0,0,1
53,4,9,0,1,0,0,-1,0,0,1
75,0,15,0,3,0,0,-1,0,0,1
35,4,5,0,1,1,0,-1,0,0,1
210,14,37,0,1,1,0,-1,0,0,1
44,0,7,0,0,1,0,6845,0.2,0,1
150,73,12,0,3,0,0,-1,0,0,1
39,0,9,0,1,0,0,-1,0,0,1
64,0,13,0,1,0,0,-1,0,0,1
106,17,18,0,2,1,0,-1,0,0,1
34,0,7,0,1,1,0,-1,0,0,1
65,0,12,0,1,1,0,-1,0,0,1
60,2,13,0,1,0,0,-1,0,0,1
25,0,6,0,0,0,0,1417,0,0,1
39,5,7,0,1,0,0,-1,0,0,1
38,0,9,0,1,0,0,-1,0.2,0,1
129,3,23,0,0,1,0,-1,0,0,1
52,0,10,0,1,1,0,-1,0.4,0,1
30,11,8,1,2,0,0,-1,0,0,1
33,0,6,0,1,1,0,-1,0.6,1,1
118,9,15,0,1,0,0,-1,0,0,1
27,0,5,0,0,0,0,-1,0,0,1
78,13,16,0,1,0,0,-1,0,0,1
35,1,7,0,1,0,0,-1,0,0,1
32,0,7,0,0,0,0,-1,0.2,0,1
64,4,13,0,3,0,0,-1,0,0,1
38,3,7,0,1,1,0,-1,0,0,1
24,0,7,0,2,1,0,-1,0,0,1
68,0,9,0,1,0,0,-1,0,0,1
126,21,19,0,3,1,0,-1,0,0,1
41,0,8,0,1,1,0,-1,0,0,1
48,0,9,0,1,1,0,-1,0,0,1
29,0,6,0,1,0,0,-1,0,0,1
24,0,6,0,1,1,0,-1,0.4,0,1
50,1,10,0,1,1,0,-1,0.4,0,1
126,15,18,0,3,0,0,-1,0,0,1
39,0,9,0,1,1,0,-1,0.4,0,1
102,20,12,0,0,0,0,-1,0,0,1
31,2,6,0,1,0,0,-1,0,0,1
86,24,12,0,2,0,0,-1,0,0,1
78,8,15,0,1,1,0,-1,0,0,1
29,0,7,0,2,1,0,-1,0,0,1
33,7,7,0,1,0,0,-1,0,0,1
27,0,7,0,0,0,0,-1,0,0,1
24,0,6,0,1,1,0,-1,0,0,1
39,0,7,0,1,1,0,-1,0.2,0,1
28,0,6,0,1,0,0,-1,0,0,1
87,11,9,0,1,0,0,-1,0,0,1
43,0,8,0,1,0,0,-1,0,0,1
27,0,6,0,1,0,0,-1,0.2,0,1
101,8,19,0,1,0,0,-1,0.4,0,1
60,0,10,0,1,0,0,-1,0,0,1
38,0,9,0,1,0,0,-1,0,0,1
19,0,5,0,0,1,0,4108,0,0,1
137,36,43,0,1,1,0,-1,0,0,1
263,34,29,0,12,0,0,-1,0,0,1
22,4,5,0,0,1,0,6471,0,0,1
89,1,15,0,0,0,0,-1,0,0,1
28,0,6,0,1,1,0,-1,0,0,1
49,1,7,0,1,0,0,-1,0.4,0,1
45,3,10,0,3,1,0,-1,0,0,1
30,0,6,0,1,0,0,-1,0,0,1
54,0,9,0,0,0,0,-1,0,0,1
29,0,5,0,1,0,0,-1,0,0,1
86,0,14,0,0,0,0,5998,0,0,1
26,2,6,0,1,0,0,-1,0,0,1
83,9,12,0,1,1,0,-1,0,0,1
49,0,7,0,0,1,0,-1,0,0,1
33,7,7,0,1,0,0,-1,0,0,1
40,0,7,0,1,0,0,-1,0,0,1
56,0,11,0,1,0,0,-1,0.4,0,1
27,0,6,0,1,1,0,-1,0.8,0,1
70,0,11,0,1,0,0,-1,0,0,1
128,7,14,0,9,0,0,-1,0,0,1
25,3,5,0,0,0,0,-1,0,0,1
33,0,7,0,1,1,0,-1,0.4,0,1
52,0,8,0,1,1,0,-1,0.4,0,1
31,0,6,0,1,1,0,-1,0.4,0,1
41,4,6,0,1,1,0,-1,0,0,1
33,0,6,0,1,1,0,-1,0,0,1
32,0,6,0,0,1,0,-1,0,0,1
66,2,11,0,1,0,0,-1,0,0,1
85,8,17,0,1,1,0,-1,0.4,0,1
52,0,8,0,1,1,0,-1,0,0,1
109,6,16,0,1,1,0,-1,0,0,1
84,0,12,0,0,0,0,4807,0,0,1
110,14,11,0,1,1,0,-1,0.4,1,1
171,52,17,0,0,0,0,3115,0,0,1
17,0,5,0,0,0,0,-1,0,0,1
19,0,4,0,0,0,0,-1,0,0,1
98,28,16,1,2,0,0,-1,0,0,1
32,0,6,0,1,0,0,-1,0,0,1
28,0,6,0,2,1,0,-1,0,0,1
64,2,11,0,1,0,0,-1,0,0,1
40,0,7,0,1,1,0,-1,0,0,1
132,15,15,0,1,1,0,-1,0.2,0,1
124,6,20,0,1,1,0,-1,0.2,0,1
51,0,9,0,0,0,0,5770,0,0,1
141,41,9,0,1,1,0,-1,0,0,1
126,16,18,0,3,0,0,-1,0,0,1
21,0,5,0,1,0,0,6945,0,0,1
53,2,11,0,1,0,0,-1,0,0,1
27,0,6,0,1,1,0,-1,0,0,1
76,21,9,0,0,0,0,-1,0,0,1
79,0,13,0,1,0,0,-1,0,0,1
77,16,7,0,0,0,0,7776,0,0,1
35,0,8,0,1,1,0,-1,0,0,1
56,0,9,0,1,1,0,-1,0,0,1
49,4,9,0,1,0,0,-1,0,0,1
41,0,7,0,1,0,0,-1,0.2,0,1
84,23,10,0,1,0,0,-1,0,0,1
29,0,6,0,1,1,0,-1,0.2,0,1
21,0,6,0,1,1,0,-1,0.2,0,1
35,0,8,0,1,0,0,-1,0,0,1
28,0,8,0,1,1,0,-1,0.2,0,1
97,0,16,0,2,1,0,-1,0,0,1
36,0,6,0,0,0,0,-1,0,0,1
63,0,10,0,1,1,0,-1,0,0,1
24,0,5,0,1,0,0,-1,0,0,1
40,1,5,0,1,0,0,-1,0,0,1
85,0,14,0,0,0,0,-1,0,0,1
56,6,11,0,3,0,0,-1,0,0,1
49,0,9,0,0,0,0,-1,0,0,1
23,0,5,0,0,1,0,-1,0,0,1
64,0,11,0,0,1,0,4241,0,0,1
46,2,11,0,1,1,0,-1,0,0,1
36,0,8,0,0,0,0,-1,0,0,1
29,2,5,0,1,0,0,-1,0,0,1
55,3,8,0,1,0,0,-1,0,0,1
45,0,7,0,1,0,0,-1,0,0,1
33,0,6,0,1,0,0,-1,0,0,1
231,92,20,0,1,1,0,-1,0,0,1
30,0,6,0,1,1,1,-1,0,0,1
31,0,6,0,1,0,0,-1,0,0,1
27,0,7,0,1,1,0,-1,0.4,0,1
81,21,8,0,1,0,0,-1,0,0,1
58,7,10,0,1,1,0,-1,0,0,1
28,0,6,0,1,1,0,-1,0.2,0,1
25,0,6,0,1,1,0,-1,0.2,0,1
87,2,13,0,0,0,0,-1,0,0,1
28,0,6,0,1,1,0,-1,0,0,1
133,8,23,0,1,1,0,-1,0.2,0,1
26,0,7,0,2,1,0,-1,0.4,0,1
36,0,8,0,0,0,0,8502,0,0,1
29,0,5,0,0,1,0,3010,0,0,1
37,0,7,0,1,1,0,-1,0,0,1
33,0,6,0,1,1,0,-1,0.2,0,1
47,0,10,0,1,0,0,-1,0.6,0,1
26,3,6,0,1,1,0,-1,0.6,1,1
93,2,17,0,1,0,0,-1,0,0,1
44,0,9,0,3,0,0,-1,0,0,1
34,0,6,0,1,0,0,-1,0,0,1
63,0,12,0,1,0,0,-1,0,0,1
56,9,11,0,3,1,0,-1,0,0,1
28,3,5,0,1,1,0,-1,0,0,1
51,0,11,0,1,0,0,-1,0.4,0,1
50,3,8,0,0,0,0,5161,0,0,1
70,6,11,0,1,0,0,-1,0.2,0,1
41,2,10,0,1,0,0,-1,0,0,1
74,7,11,0,1,0,0,-1,0,0,1
26,0,6,0,1,1,0,-1,0.4,0,1
114,6,19,0,1,1,0,-1,0.2,0,1
49,0,7,0,0,0,0,-1,0,0,1
26,0,6,0,1,1,0,-1,0.4,0,1
42,0,9,0,1,1,0,-1,0.6,0,1
28,0,5,0,0,1,0,-1,0.2,0,1
29,0,6,0,1,1,0,-1,0.2,0,1
32,0,7,0,1,0,0,-1,0,0,1
34,1,7,0,1,1,0,-1,0,0,1
51,0,12,0,1,0,0,-1,0,0,1
78,0,14,0,1,1,0,-1,0,0,1
43,0,8,0,3,0,0,-1,0,0,1
154,14,23,0,1,1,0,-1,0,0,1
35,0,7,0,2,1,0,-1,0.4,0,1
54,0,8,0,1,0,0,-1,0,0,1
35,0,6,0,1,0,0,-1,0,0,1
25,0,5,0,0,1,0,-1,0,0,1
27,0,6,0,1,0,0,-1,0,0,1
61,9,12,1,2,0,0,-1,0,0,1
41,0,6,0,1,0,0,-1,0,0,1
47,0,9,0,0,0,0,-1,0,0,1
19,0,6,0,1,0,0,-1,0,0,1
38,0,7,0,1,1,0,-1,0,0,1
64,6,12,0,1,0,0,-1,0.2,0,1
271,84,25,0,1,0,0,-1,0,0,1
50,0,9,0,0,0,0,-1,0,0,1
80,7,15,0,1,1,0,-1,0.4,1,1
67,0,9,0,0,1,0,-1,0,0,1
282,59,31,0,1,1,0,-1,0.2,0,1
144,6,19,0,1,1,0,-1,0.2,0,1
52,4,8,0,0,0,0,-1,0,0,1
28,0,6,0,1,1,0,-1,0,0,1
50,0,9,0,1,1,0,-1,0,0,1
60,13,14,0,1,0,0,-1,0,0,1
87,2,11,0,1,1,0,-1,0.6,0,1
35,4,7,0,1,0,0,-1,0,0,1
102,25,14,0,2,0,0,-1,0,0,1
63,9,8,0,1,1,0,-1,0.4,0,1
36,0,7,0,1,1,0,-1,0.2,0,1
21,0,6,0,1,1,0,-1,0.4,0,1
238,75,35,0,1,1,0,-1,0,0,1
36,10,8,1,2,0,0,-1,0,0,1
38,0,6,0,1,1,0,-1,0,0,1
88,15,16,1,2,0,0,-1,0,0,1
29,0,6,0,1,0,0,-1,0,0,1
27,0,6,0,1,0,0,-1,0,0,1
101,11,11,0,1,1,0,-1,0,0,1
18,0,5,0,1,0,0,-1,0,0,1
27,0,7,0,1,0,0,-1,0,0,1
28,1,7,0,1,1,0,-1,0,0,1
36,1,7,0,0,0,0,4377,0,0,1
53,0,9,0,1,0,0,-1,0.4,0,1
66,10,12,0,1,0,0,-1,0.2,0,1
35,0,6,0,1,1,0,-1,0,0,1
27,1,5,0,0,1,0,-1,0,0,1
21,10,7,1,2,0,0,-1,0,0,1
123,7,22,0,1,0,0,-1,0,0,1
47,0,9,0,2,0,0,-1,0,0,1
59,2,11,0,1,1,0,-1,0,0,1
15,1,5,0,0,0,0,6406,0,0,1
26,0,6,0,1,0,0,-1,0,0,1
82,9,16,0,3,1,0,-1,0,0,1
77,0,12,0,1,1,0,-1,0,0,1
38,3,9,0,1,1,0,-1,0,0,1
39,0,5,0,1,0,0,-1,0,0,1
42,0,8,0,1,1,0,-1,0,0,1
33,0,7,0,1,1,0,-1,0,0,1
53,0,10,0,1,0,0,-1,0,0,1
44,2,9,0,1,0,0,-1,0,0,1
23,0,6,0,1,0,0,4122,0,0,1
17,0,4,0,0,0,0,-1,0,0,1
26,0,6,0,1,0,0,-1,0,0,1
129,20,20,0,4,0,0,-1,0,0,1
42,5,8,0,1,0,0,-1,0,0,1
52,2,8,0,1,0,0,-1,0.4,1,1
27,1,6,0,1,0,0,-1,0,0,1
43,6,9,0,1,0,0,-1,0,0,1
28,0,7,0,1,0,0,-1,0.2,0,1
97,4,14,0,1,1,0,-1,0,0,1
28,0,6,0,1,0,0,-1,0,0,1
27,0,6,0,1,0,0,-1,0,0,1
35,0,7,0,1,0,0,-1,0,0,1
62,0,9,0,1,1,0,-1,0,0,1
127,24,18,0,3,1,0,-1,0,0,1
29,2,5,0,1,0,0,-1,0,0,1
33,0,7,0,1,0,0,-1,0,0,1
72,6,14,0,1,0,0,-1,0.4,0,1
33,0,5,0,1,1,0,-1,0.6,0,1
40,0,7,0,1,0,0,-1,0,0,1
61,1,11,0,3,0,0,-1,0,0,1
51,0,8,0,1,0,0,-1,0,0,1
44,0,8,0,0,1,0,11506,0.4,0,1
259,31,8,0,1,0,0,-1,0,0,1
57,0,10,0,1,0,0,-1,0,0,1
31,0,6,0,1,1,0,-1,0.6,0,1
47,0,9,0,1,0,0,-1,0,0,1
93,0,17,0,1,0,0,-1,0.6,0,1
49,0,8,0,1,0,0,-1,0,0,1
22,0,6,0,1,1,0,-1,0.2,0,1
45,0,7,0,1,1,0,-1,0.4,0,1
105,10,14,0,1,1,0,-1,0.2,0,1
109,7,12,0,1,1,0,-1,0,0,1
40,0,5,0,1,0,0,-1,0,0,1
24,5,5,0,0,0,0,5789,0,0,1
37,0,8,0,1,0,0,-1,0,0,1
152,0,26,0,1,1,0,-1,0,0,1
124,22,19,0,4,1,0,-1,0,0,1
35,4,6,0,1,0,0,-1,0,0,1
126,24,18,0,3,0,0,-1,0,0,1
51,7,10,0,1,0,0,-1,0.2,0,1
126,47,15,0,1,0,0,-1,0,0,1
49,0,7,0,1,0,0,-1,0,0,1
46,0,8,0,1,1,0,-1,0.2,0,1
31,0,6,0,1,1,0,-1,0.4,0,1
45,0,9,0,1,0,0,-1,0.6,0,1
36,0,6,0,1,1,0,-1,0.4,0,1
56,5,9,0,1,0,0,-1,0,0,1
54,2,8,0,1,0,0,-1,0,0,1
76,9,10,0,3,0,0,-1,0,0,1
29,0,6,0,1,1,0,-1,0,0,1
70,4,11,0,1,1,0,-1,0,0,1
22,11,7,1,2,0,0,-1,0,0,1
46,0,6,0,1,0,0,-1,0,0,1
53,0,10,0,1,0,0,-1,0.6,0,1
105,1,16,0,1,0,0,-1,0,0,1
64,13,11,0,1,1,0,-1,0.2,0,1
29,0,6,0,1,1,0,-1,0,0,1
47,0,8,0,1,0,0,-1,0,0,1
126,39,15,0,1,0,0,-1,0,0,1
37,0,6,0,1,1,0,-1,0.4,0,1
42,0,8,0,1,1,0,-1,0.4,0,1
15,0,4,0,0,0,0,-1,0,0,1
44,7,8,0,1,0,0,-1,0,0,1
71,0,12,0,1,0,0,-1,0,0,1
72,2,10,0,0,1,0,8049,0,0,1
48,0,8,0,1,1,0,-1,0,0,1
29,2,6,0,1,0,0,-1,0.2,0,1
71,15,10,0,1,1,0,-1,0.4,1,1
32,1,6,0,1,0,0,-1,0,0,1
59,23,7,0,1,0,0,-1,0,0,1
55,0,7,0,1,0,0,-1,0,0,1
26,0,6,0,1,1,0,-1,0,0,1
32,0,8,0,1,0,0,-1,0,0,1
34,0,6,0,1,0,0,-1,0,0,1
115,18,20,0,1,0,0,-1,0,0,1
33,5,6,0,1,1,0,-1,0,0,1
74,5,12,0,1,0,0,-1,0.8,0,1
77,14,7,0,0,0,0,7776,0,0,1
18,0,4,0,0,0,0,-1,0.6,0,1
62,3,9,0,1,0,0,-1,0,0,1
56,0,10,0,1,0,0,-1,0,0,1
53,9,11,0,3,1,0,-1,0,0,1
27,0,5,0,0,0,0,-1,0.2,0,1
84,4,14,0,7,0,0,-1,0,0,1
56,0,10,0,0,0,0,3417,0,0,1
18,0,4,0,0,1,0,-1,0,0,0
24,0,5,0,0,1,0,11676,0,0,0
21,0,4,0,0,1,0,12697,0.2,0,0
20,0,4,0,0,1,0,10539,0.4,1,0
15,0,4,0,0,1,0,-1,0.2,0,0
22,0,4,0,0,1,0,6195,0.2,0,0
22,0,4,0,0,1,0,7680,0,0,0
17,0,4,0,0,1,0,14230,0,0,0
19,0,4,0,0,1,0,7659,0.4,0,0
21,0,4,0,0,1,0,7475,0,0,0
21,0,4,0,0,1,0,7914,0.8,0,0
15,0,4,0,0,1,0,-1,0.2,0,0
19,0,4,0,0,1,0,6568,0,0,0
18,0,4,0,0,1,0,9787,0.4,0,0
18,0,4,0,0,1,0,9835,0,0,0
19,0,4,0,0,1,0,-1,0.8,0,0
23,0,4,0,0,1,0,8291,0,0,0
16,0,4,0,0,1,0,-1,0.4,0,0
20,0,4,0,0,1,0,8494,0.2,0,0
17,0,4,0,0,1,0,6851,0.4,1,0
28,0,4,0,0,1,0,5198,0,0,0
18,0,4,0,0,1,0,9764,0,0,0
22,0,4,0,0,1,0,8889,0,0,0
18,0,4,0,0,1,0,11418,0,0,0
19,0,4,0,0,1,0,-1,0.2,0,0
27,0,4,0,0,1,0,8610,0,0,0
17,0,4,0,0,1,0,11425,0.2,0,0
25,0,4,0,0,1,0,-1,0,0,0
21,0,4,0,0,1,0,9153,0,0,0
29,0,4,0,0,1,0,6287,0,0,0
18,0,4,0,0,1,0,6692,0.2,0,0
23,0,4,0,0,1,0,10977,0,0,0
25,0,4,0,0,1,0,8459,0,0,0
16,0,4,0,0,1,0,10964,0.2,0,0
19,0,4,0,0,1,0,10312,0.8,0,0
20,0,4,0,0,1,0,6193,0.2,0,0
20,0,4,0,0,1,0,10656,0,0,0
16,1,4,0,0,1,0,3906,0,0,0
18,0,4,0,0,1,0,5405,0.2,0,0
21,0,5,0,0,1,0,4269,0,0,0
21,0,4,0,0,1,0,8349,0,0,0
19,0,4,0,0,1,0,4641,0,0,0
18,0,4,0,0,1,0,11405,0,0,0
24,0,4,0,0,1,0,2374,0,0,0
16,0,4,0,0,1,0,-1,0.4,0,0
21,0,4,0,0,1,0,5913,0.8,0,0
18,0,4,0,0,1,0,9882,0.2,0,0
22,0,4,0,0,1,0,10040,0.4,0,0
26,0,4,0,0,1,0,7376,0,0,0
16,0,4,0,0,1,0,7587,0,0,0
16,0,4,0,0,1,0,9823,0,0,0
17,0,4,0,0,1,0,11340,0.4,0,0
20,0,4,0,0,1,0,6361,0.2,0,0
19,0,4,0,0,1,0,11136,0,0,0
29,0,4,0,0,1,0,8415,0,0,0
14,0,4,0,0,1,0,7538,0,0,0
17,0,4,0,0,1,0,8322,0.2,0,0
13,0,4,0,0,1,0,11996,0.8,0,0
15,0,4,0,0,1,0,11409,0.4,0,0
22,0,4,0,0,1,0,6493,0,0,0
19,0,4,0,0,1,0,7227,0,0,0
17,0,4,0,0,1,0,9755,0.2,0,0
15,0,4,0,0,1,0,10609,0,0,0
18,0,5,0,0,1,0,1783,0,0,0
18,0,4,0,0,1,0,10790,0,0,0
17,0,4,0,0,1,0,7721,0.6,0,0
21,0,4,0,0,1,0,3059,0,0,0
17,0,4,0,0,1,0,14324,0,0,0
18,0,4,0,0,1,0,8041,0,0,0
22,0,4,0,0,1,0,6195,0,0,0
16,1,4,0,0,1,0,6547,0,0,0
19,0,4,0,0,1,0,3059,0,0,0
16,1,4,0,0,1,0,-1,0,0,0
18,0,4,0,0,1,0,9213,0.4,0,0
25,0,4,0,0,1,0,8214,0,0,0
17,0,4,0,0,1,0,6630,0,0,0
14,0,4,0,0,1,0,-1,0,0,0
13,0,4,0,0,1,0,-1,0.2,0,0
14,0,4,0,0,1,0,11234,0,0,0
15,0,4,0,0,1,0,8686,0.4,0,0
28,0,5,0,0,1,0,7506,0,0,0
21,3,4,0,0,1,0,7533,0.2,0,0
19,0,4,0,0,1,0,8889,0,0,0
17,0,4,0,0,1,0,-1,0,0,0
26,0,5,0,0,1,0,2870,0.2,0,0
17,0,4,0,0,1,0,-1,0,0,0
20,0,5,0,0,1,0,4352,0,0,0
17,0,4,0,0,1,0,-1,0,0,0
19,0,4,0,0,1,0,11390,0.2,0,0
24,0,5,0,0,1,0,11173,0,0,0
21,0,5,0,0,1,0,699,0,0,0
14,0,4,0,0,1,0,6471,0.6,0,0
17,0,4,0,0,1,0,9612,0,0,0
21,0,4,0,0,1,0,9073,0,0,0
20,0,4,0,0,1,0,1631,0,0,0
17,0,4,0,0,1,0,-1,0.2,0,0
21,0,4,0,0,1,0,9468,0.6,0,0
16,0,4,0,0,1,0,-1,0,0,0
14,0,4,0,0,1,0,11251,0,0,0
19,1,4,0,0,1,0,7430,0,0,0
17,0,4,0,0,1,0,5051,0.2,0,0
19,0,4,0,0,1,0,11104,0,0,0
19,0,4,0,0,1,0,10238,0,0,0
18,0,4,0,0,1,0,7585,0.4,0,0
15,1,4,0,0,1,0,11381,0,0,0
18,0,4,0,0,1,0,-1,0,0,0
28,0,4,0,0,1,0,8266,0,0,0
24,0,4,0,0,1,0,4297,0,0,0
14,0,4,0,0,1,0,10452,0.6,0,0
20,0,4,0,0,1,0,9319,0,0,0
18,0,4,0,0,1,0,-1,0.2,0,0
12,0,4,0,0,1,0,5738,0.2,0,0
17,0,4,0,0,1,0,-1,0,0,0
20,0,4,0,0,1,0,5089,0,0,0
28,0,5,0,0,1,0,1308,0,0,0
21,0,4,0,0,1,0,11348,0,0,0
18,0,4,0,0,1,0,-1,0,0,0
18,0,4,0,0,1,0,5868,0,0,0
18,0,4,0,0,1,0,9701,0.2,0,0
27,0,5,0,0,1,0,3882,0,0,0
27,0,5,0,0,1,0,5254,0,0,0
17,0,4,0,0,1,0,4715,0,0,0
18,0,4,0,0,1,0,11257,0,0,0
23,0,4,0,0,1,0,-1,0.4,0,0
20,0,4,0,0,1,0,7873,0.6,0,0
19,0,4,0,0,1,0,11179,0.6,0,0
18,0,4,0,0,1,0,-1,0,0,0
19,0,4,0,0,1,0,11493,0,0,0
23,0,4,0,0,1,0,10526,0.4,0,0
16,0,4,0,0,1,0,-1,0,0,0
23,0,4,0,0,1,0,6445,0,0,0
22,0,5,0,0,1,0,-1,0,0,0
19,0,4,0,0,1,0,-1,0,0,0
20,0,4,0,0,1,0,-1,0,0,0
18,0,4,0,0,1,0,8233,0,0,0
18,0,4,0,0,1,0,7536,0.4,0,0
34,0,6,0,0,1,0,775,0,0,0
18,0,4,0,0,1,0,3236,0,0,0
15,0,4,0,0,1,0,-1,0,0,0
20,0,4,0,0,1,0,-1,0.4,0,0
14,1,4,0,0,1,0,-1,0.2,0,0
15,0,4,0,0,1,0,10352,0.2,0,0
19,0,4,0,0,1,0,11010,0,0,0
17,0,5,0,0,1,0,3571,0.4,0,0
17,0,4,0,0,1,0,-1,0,0,0
29,0,5,0,0,1,0,6662,0,0,0
19,0,5,0,1,1,0,-1,0,0,0
20,0,4,0,0,1,0,6102,0,0,0
18,0,4,0,0,1,0,7180,0,0,0
21,0,4,0,0,1,0,10345,0.6,0,0
17,0,4,0,0,1,0,6594,0,0,0
27,0,4,0,0,1,0,4323,0,0,0
19,0,4,0,0,1,0,11705,0.4,0,0
17,2,4,0,0,1,0,-1,0,0,0
22,0,5,0,0,1,0,2968,0,0,0
24,0,5,0,0,1,0,1631,0,0,0
23,1,4,0,0,1,0,8665,0,0,0
14,0,4,0,0,1,0,-1,0,0,0
20,0,4,0,0,1,0,5057,0,0,0
23,0,5,0,0,1,0,2651,0,0,0
22,0,4,0,0,1,0,11955,0,0,0
15,0,4,0,0,1,0,-1,0,0,0
18,0,4,0,0,1,0,-1,0.4,0,0
17,0,4,0,0,1,0,7662,0,0,0
22,0,4,0,0,1,0,-1,0,0,0
19,0,4,0,0,1,0,9220,0.2,0,0
25,0,6,0,0,1,0,-1,0,0,0
18,0,4,0,0,1,0,8110,0,0,0
19,0,4,0,0,1,0,7635,0.6,0,0
19,0,4,0,0,1,0,1161,0,0,0
21,0,5,0,0,1,0,5570,0,0,0
18,0,4,0,0,1,0,5072,0,0,0
17,0,4,0,0,1,0,6461,0,0,0
22,0,4,0,0,1,0,7499,0,0,0
16,1,4,0,0,1,0,-1,0,0,0
16,0,4,0,0,1,0,10352,0.2,0,0
19,0,4,0,0,1,0,9836,0,0,0
16,0,4,0,0,1,0,5076,0,0,0
19,0,4,0,0,1,0,6341,0.6,0,0
17,0,4,0,0,1,0,2045,0.2,0,0
26,0,4,0,0,1,0,6853,0,0,0
24,0,4,0,0,1,0,-1,0.2,0,0
18,0,4,0,0,1,0,10115,0,0,0
18,0,4,0,0,1,0,5579,0,0,0
19,0,4,0,0,1,0,2828,0,0,0
15,0,4,0,0,1,0,11823,0,0,0
14,1,4,0,0,1,0,11536,0.8,0,0
17,0,4,0,0,1,0,10348,0.2,0,0
18,0,4,0,0,1,0,8953,0,0,0
19,0,4,0,0,1,0,-1,0,0,0
25,0,4,0,0,1,0,5124,0,0,0
16,0,4,0,0,1,0,8826,0,0,0
19,0,4,0,0,1,0,6921,0.2,0,0
23,0,4,0,0,1,0,11536,0.4,0,0
18,1,4,0,0,1,0,1617,0,0,0
14,0,4,0,0,1,0,-1,0,0,0
23,0,4,0,0,1,0,9492,0,0,0
18,0,4,0,0,1,0,3602,0,0,0
17,0,4,0,0,1,0,-1,0,0,0
27,0,4,0,0,1,0,9150,0,0,0
21,0,4,0,0,1,0,-1,0,0,0
18,0,4,0,0,1,0,11920,0.6,0,0
20,0,4,0,0,1,0,6977,0.2,0,0
31,0,4,0,0,1,0,-1,0,0,0
12,0,4,0,0,1,0,-1,0,0,0
17,0,4,0,0,1,0,-1,0.8,0,0
21,0,4,0,0,1,0,4395,0,0,0
22,0,4,0,0,1,0,-1,0,0,0
15,0,4,0,0,1,0,-1,0,0,0
15,0,4,0,0,1,0,13353,0.4,0,0
19,0,4,0,0,1,0,5249,0,0,0
17,0,5,0,1,1,0,-1,0.2,0,0
23,0,4,0,0,1,0,9677,0.4,0,0
22,0,4,0,0,1,0,9926,0.2,0,0
25,0,4,0,0,1,0,10556,0,0,0
19,0,4,0,0,1,0,-1,0,0,0
17,0,4,0,0,1,0,11133,0.4,1,0
18,0,4,0,0,1,0,13578,0,0,0
24,0,4,0,0,1,0,6570,0,0,0
18,0,4,0,0,1,0,7921,0.2,0,0
15,0,4,0,0,1,0,-1,0,0,0
18,0,4,0,0,1,0,5790,0,0,0
21,0,5,0,0,1,0,1020,0,0,0
19,0,4,0,0,1,0,-1,0.6,0,0
19,0,4,0,0,1,0,10453,0,0,0
17,0,4,0,0,1,0,9041,0,0,0
18,0,4,0,0,1,0,9215,0.6,0,0
15,0,4,0,0,1,0,9878,0,0,0
16,0,4,0,0,1,0,-1,0.2,0,0
17,0,4,0,0,1,0,4243,0,0,0
16,0,4,0,0,1,0,11142,0,0,0
21,0,4,0,0,1,0,4340,0,0,0
19,0,4,0,0,1,0,-1,0,0,0
16,0,4,0,0,1,0,10988,0,0,0
17,0,4,0,0,1,0,14146,0.2,0,0
18,0,4,0,0,1,0,-1,0,0,0
28,0,5,0,0,1,0,6220,0,0,0
18,0,4,0,0,1,0,6385,0,0,0
22,0,4,0,0,1,0,4706,0,0,0
29,0,4,0,0,1,0,6669,0,0,0
19,0,4,0,0,1,0,10155,0.2,0,0
19,0,4,0,0,1,0,6071,0,0,0
23,0,4,0,0,1,0,8509,0,0,0
22,0,4,0,0,1,0,11550,0,0,0
18,0,4,0,0,1,0,8429,0.2,0,0
24,0,4,0,0,1,0,-1,0,0,0
19,0,4,0,0,1,0,5019,0,0,0
22,0,5,0,0,1,0,1946,0,0,0
17,0,4,0,0,1,0,-1,0,0,0
20,0,4,0,0,1,0,4093,0,0,0
17,0,4,0,0,1,0,4795,0,0,0
19,0,4,0,0,1,0,-1,0.4,0,0
15,0,4,0,0,1,0,-1,0,0,0
18,0,4,0,0,1,0,9995,0.4,0,0
18,0,4,0,0,1,0,6839,0,0,0
22,0,4,0,0,1,0,4228,0,0,0
18,0,4,0,0,1,0,6404,0,0,0
19,0,4,0,0,1,0,2704,0,0,0
19,0,5,0,0,1,0,4316,0,0,0
23,0,5,0,0,1,0,-1,0,0,0
14,0,4,0,0,1,0,14583,0.2,0,0
19,0,4,0,0,1,0,-1,0.2,0,0
18,0,4,0,0,1,0,11103,0.6,0,0
21,0,4,0,0,1,0,8045,0.2,0,0
24,0,4,0,0,1,0,6745,0.4,0,0
17,0,4,0,0,1,0,-1,0,0,0
19,0,4,0,0,1,0,11432,0.2,0,0
16,0,4,0,0,1,0,11163,0,0,0
19,0,4,0,0,1,0,8774,0,0,0
21,0,4,0,0,1,0,8361,0,0,0
19,0,4,0,0,1,0,10879,0,0,0
15,0,4,0,0,1,0,-1,0.2,0,0
24,0,4,0,0,1,0,6045,0,0,0
21,0,4,0,0,1,0,5384,0.2,0,0
24,0,5,0,0,1,0,3456,0,0,0
20,0,4,0,0,1,0,2864,0,0,0
14,0,4,0,0,1,0,-1,0.2,0,0
22,0,4,0,0,1,0,1094,0,0,0
18,0,4,0,0,1,0,6955,0,0,0
23,0,5,0,0,1,0,-1,0,0,0
23,0,4,0,0,1,0,9116,0.4,0,0
20,0,5,0,1,1,0,-1,0.8,0,0
17,0,4,0,0,1,0,10679,0,0,0
13,0,4,0,0,1,0,-1,0.6,1,0
21,0,4,0,0,1,0,1027,0,0,0
22,0,4,0,0,1,0,8621,0.2,0,0
24,0,4,0,0,1,0,2430,0,0,0
20,0,4,0,0,1,0,5685,0,0,0
19,0,4,0,0,1,0,11934,0,0,0
21,0,4,0,0,1,0,8163,0,0,0
20,0,4,0,0,1,0,6096,0,0,0
19,0,4,0,0,1,0,9792,0.4,0,0
23,0,4,0,0,1,0,3059,0,0,0
18,0,5,0,1,1,0,-1,0.2,0,0
15,0,4,0,0,1,0,-1,0.4,0,0
25,0,5,0,0,1,0,9003,0,0,0
22,0,4,0,0,1,0,3809,0,0,0
24,0,4,0,0,1,0,9309,0.2,0,0
17,0,4,0,0,1,0,10186,0,0,0
17,1,4,0,0,1,0,4778,0,0,0
16,0,4,0,0,1,0,8034,0,0,0
20,0,5,0,0,1,0,1887,0,0,0
18,0,4,0,0,1,0,9141,0,0,0
20,0,4,0,0,1,0,5011,0,0,0
20,0,4,0,0,1,0,9850,0,0,0
14,0,4,0,0,1,0,-1,0,0,0
19,0,4,0,0,1,0,3119,0.8,0,0
15,0,4,0,0,1,0,10305,0,0,0
20,0,4,0,0,1,0,7776,0,0,0
26,0,5,0,0,1,0,9641,0,0,0
19,0,4,0,0,1,0,8188,0.2,0,0
21,0,4,0,0,1,0,6061,0.2,0,0
21,0,4,0,0,1,0,3900,0.6,0,0
17,0,4,0,0,1,0,12159,0,0,0
23,0,4,0,0,1,0,5800,0.6,0,0
18,0,4,0,0,1,0,-1,0.6,0,0
18,0,4,0,0,1,0,9828,0,0,0
17,0,4,0,0,1,0,11438,0,0,0
23,0,4,0,0,1,0,5492,0.2,0,0
17,0,4,0,0,1,0,6866,0,0,0
18,0,4,0,0,1,0,6202,0,0,0
30,0,4,0,0,1,0,2349,0,0,0
18,0,4,0,0,1,0,7252,0.4,0,0
24,0,4,0,0,1,0,-1,0,0,0
21,0,4,0,0,1,0,2976,0,0,0
20,0,4,0,0,1,0,-1,0,0,0
18,0,4,0,0,1,0,-1,0,0,0
25,0,4,0,0,1,0,-1,0.2,0,0
17,0,4,0,0,1,0,9818,0,0,0
14,0,4,0,0,1,0,9952,0,0,0
19,0,4,0,0,1,0,1631,0,0,0
26,0,4,0,0,1,0,-1,0,0,0
22,0,4,0,0,1,0,11635,0.2,0,0
20,0,4,0,0,1,0,3049,0,0,0
15,0,4,0,0,1,0,10352,0.2,0,0
20,0,4,0,0,1,0,5986,0,0,0
19,0,4,0,0,1,0,-1,0.8,0,0
18,0,4,0,0,1,0,3228,0,0,0
18,0,4,0,0,1,0,-1,0,0,0
15,0,4,0,0,1,0,-1,0,0,0
21,0,4,0,0,1,0,7278,0,0,0
25,0,5,0,0,1,0,-1,0,0,0
19,0,4,0,0,1,0,-1,0,0,0
20,0,4,0,0,1,0,1855,0,0,0
14,0,4,0,0,1,0,11327,0,0,0
14,0,4,0,0,1,0,-1,0.4,0,0
17,0,4,0,0,1,0,-1,0,0,0
23,0,5,0,1,1,0,-1,0,0,0
20,0,4,0,0,1,0,1916,0,0,0
32,0,4,0,0,1,0,5586,0,0,0
21,0,4,0,0,1,0,-1,0,0,0
18,0,5,0,0,1,0,3732,0,0,0
22,0,5,0,0,1,0,-1,0,0,0
32,0,4,0,0,1,0,1007,0,0,0
20,0,4,0,0,1,0,-1,0,0,0
18,0,4,0,0,1,0,6704,0,0,0
13,0,4,0,0,1,0,-1,0.6,0,0
19,0,4,0,0,1,0,-1,0,0,0
16,1,4,0,0,1,0,4691,0,0,0
16,0,4,0,0,1,0,-1,0,0,0
23,0,5,0,1,1,0,-1,0,0,0
20,0,4,0,0,1,0,-1,0.2,0,0
18,0,4,0,0,1,0,11978,0.2,0,0
18,0,4,0,0,1,0,3718,0,0,0
15,0,4,0,0,1,0,11030,0,0,0
23,0,4,0,0,1,0,7631,0.4,0,0
18,0,4,0,0,1,0,3205,0,0,0
19,0,5,0,0,1,0,8530,0.2,0,0
20,0,4,0,0,1,0,2392,0,0,0
20,0,4,0,0,1,0,2415,0,0,0
25,0,4,0,0,1,0,3031,0,0,0
21,1,4,0,0,1,0,-1,0,0,0
20,0,4,0,0,1,0,9825,0,0,0
24,0,5,0,0,1,0,4017,0,0,0
19,0,4,0,0,1,0,9504,0,0,0
15,0,4,0,0,1,0,5646,0,0,0
16,0,4,0,0,1,0,-1,0.6,0,0
27,0,4,0,0,1,0,-1,0,0,0
22,0,4,0,0,1,0,4975,0,0,0
17,0,5,0,0,1,0,2862,0,0,0
20,0,4,0,0,1,0,7979,0,0,0
17,0,4,0,0,1,0,-1,0.2,0,0
21,0,4,0,0,1,0,5342,0.2,0,0
16,0,4,0,0,1,0,8316,0,0,0
16,0,4,0,0,1,0,13588,0,0,0
20,0,4,0,0,1,0,1853,0,0,0
17,0,4,0,0,1,0,9733,0.2,0,0
21,0,4,0,0,1,0,-1,0,0,0
19,0,4,0,0,1,0,-1,0.2,0,0
22,0,4,0,0,1,0,7233,0,0,0
21,0,4,0,0,1,0,4299,0,0,0
18,0,4,0,0,1,0,6836,0,0,0
20,0,4,0,0,1,0,4633,0.6,0,0
16,0,4,0,0,1,0,10352,0,0,0
24,0,5,0,0,1,0,969,0,0,0
17,0,4,0,0,1,0,9907,0,0,0
17,0,4,0,0,1,0,9191,0,0,0
23,0,4,0,0,1,0,4584,0.4,0,0
26,0,4,0,0,1,0,9583,0,0,0
20,0,4,0,0,1,0,-1,0,0,0
20,0,4,0,0,1,0,8086,0.2,0,0
18,0,4,0,0,1,0,10173,0,0,0
27,0,4,0,0,1,0,10197,0.8,0,0
21,0,5,0,1,1,0,-1,0,0,0
22,0,4,0,0,1,0,6659,0.4,0,0
18,0,4,0,0,1,0,9520,0,0,0
14,0,4,0,0,1,0,10540,0,0,0
25,0,5,0,1,1,0,-1,0.8,0,0
14,0,4,0,0,1,0,4897,0,0,0
18,0,4,0,0,1,0,4362,0,0,0
20,0,5,0,0,1,0,4352,0,0,0
17,0,4,0,0,1,0,-1,0.8,0,0
17,0,4,0,0,1,0,3382,0,0,0
19,0,4,0,0,1,0,4411,0.2,0,0
17,0,4,0,0,1,0,10565,0,0,0
18,0,4,0,0,1,0,-1,0,0,0
22,0,4,0,0,1,0,3606,0,0,0
17,0,4,0,0,1,0,2285,0,0,0
26,0,4,0,0,1,0,2584,0.2,0,0
18,0,4,0,0,1,0,8325,0.2,0,0
15,3,4,0,0,1,0,10369,0.2,0,0
22,0,4,0,0,1,0,7805,0.2,0,0
27,0,4,0,0,1,0,849,0,0,0
26,0,4,0,0,1,0,7192,0.2,0,0
21,0,4,0,0,1,0,-1,0,0,0
18,0,4,0,0,1,0,4584,0,0,0
20,0,4,0,0,1,0,7342,0.4,0,0
20,0,4,0,0,1,0,4244,0,0,0
20,0,4,0,0,1,0,4725,0.2,0,0
31,0,4,0,0,1,0,2154,0,0,0
22,0,4,0,0,1,0,-1,0.8,0,0
15,0,4,0,0,1,0,-1,0,0,0
22,0,4,0,0,1,0,7245,0.4,0,0
20,0,4,0,0,1,0,5852,0,0,0
17,0,4,0,0,1,0,-1,0,0,0
19,0,4,0,0,1,0,5598,0,0,0
15,0,4,0,0,1,0,-1,0,0,0
17,0,4,0,0,1,0,4412,0,0,0
16,0,4,0,0,1,0,10354,0.6,0,0
20,0,4,0,0,1,0,8651,0,0,0
21,0,4,0,0,1,0,5368,0,0,0
18,0,4,0,0,1,0,6433,0,0,0
16,0,4,0,0,1,0,11288,0,0,0
15,0,4,0,0,1,0,11185,0.6,0,0
25,0,4,0,0,1,0,6077,0,0,0
18,0,4,0,0,1,0,-1,0,0,0
19,0,5,0,0,1,0,4017,0,0,0
25,0,5,0,0,1,0,6216,0,0,0
23,0,5,0,0,1,0,7231,0,0,0
19,0,4,0,0,1,0,7568,0.4,0,0
19,0,4,0,0,1,0,-1,0.8,0,0
21,0,4,0,0,1,0,8458,0.6,0,0
20,0,5,0,1,1,0,-1,0,0,0
19,0,4,0,0,1,0,-1,0.2,0,0
19,0,4,0,0,1,0,11186,0.8,0,0
20,0,4,0,0,1,0,7271,0,0,0
20,0,4,0,0,1,0,10351,0,0,0
20,0,4,0,0,1,0,-1,0,0,0
15,0,4,0,0,1,0,6489,0,0,0
19,0,4,0,0,1,0,1125,0,0,0
19,0,4,0,0,1,0,-1,0,0,0
20,0,4,0,0,1,0,8919,0,0,0
17,0,4,0,0,1,0,4816,0.4,0,0
15,0,4,0,0,1,0,11741,0,0,0
19,0,5,0,1,1,0,-1,0.2,0,0
14,0,4,0,0,1,0,-1,0.6,0,0
17,2,4,0,0,1,0,7222,0,0,0
18,0,4,0,0,1,0,8055,0.4,0,0
19,0,4,0,0,1,0,7888,0,0,0
21,0,4,0,0,1,0,-1,0.2,0,0
22,0,4,0,0,1,0,-1,0,0,0
28,0,4,0,0,1,0,5509,0,0,0
16,0,4,0,0,1,0,9619,0,0,0
19,0,4,0,0,1,0,-1,0,0,0
16,0,4,0,0,1,0,11355,0.2,0,0
20,0,4,0,0,1,0,2944,0.6,0,0
21,0,4,0,0,1,0,9866,0,0,0
19,0,4,0,0,1,0,5655,0,0,0
21,0,4,0,0,1,0,10863,0.2,0,0
18,0,4,0,0,1,0,-1,0,0,0
20,0,4,0,0,1,0,-1,0,0,0
15,0,4,0,0,1,0,-1,0.8,0,0
17,0,4,0,0,1,0,-1,0.6,0,0
17,0,4,0,0,1,0,9863,0.2,0,0
20,0,4,0,0,1,0,1386,0,0,0
18,0,4,0,0,1,0,-1,0,0,0
17,0,4,0,0,1,0,5199,0,0,0
20,0,4,0,0,1,0,4669,0,0,0
17,0,4,0,0,1,0,10440,0,0,0
18,0,5,0,1,1,0,-1,0.4,0,0
14,0,4,0,0,1,0,11373,0,0,0
17,0,4,0,0,1,0,-1,0,0,0
26,0,5,0,0,1,0,4116,0,0,0
18,0,4,0,0,1,0,7072,0.8,0,0
16,1,4,0,0,1,0,7582,0,0,0
19,0,4,0,0,1,0,-1,0.2,0,0
22,0,4,0,0,1,0,10666,0,0,0
19,0,4,0,0,1,0,7394,0.8,0,0
20,3,4,0,0,1,0,6090,0.4,0,0
17,0,4,0,0,1,0,10246,0,0,0