url_length,digit_count,special_char_count,has_ip,subdomain_count,has_https,suspicious_tld,domain_age_days,keyword_density,has_password_input,url_entropy,brand_misuse,path_depth,redirect_count,label
37,0,7,0,1,0,0,6366,0,0,3.787,0,1,0,1
77,17,7,0,0,0,0,7783,0,0,4.42,0,3,0,1
126,19,19,0,3,1,0,6019,0,0,4.753,1,2,0,1
18,0,5,0,1,0,0,0,0.2,0,3.461,0,0,0,1
55,0,10,0,1,0,0,0,0,0,4.098,0,2,0,1
32,0,8,0,2,0,0,0,0,0,3.667,0,0,0,1
19,0,5,0,1,0,0,0,0,0,3.261,0,0,0,1
81,21,8,0,1,0,0,0,0,0,4.771,0,3,0,1
42,0,6,0,1,0,0,0,0,0,4.196,0,0,0,1
104,8,18,0,0,1,0,11395,0,0,4.481,0,3,0,1
56,0,9,0,1,1,0,0,0,0,4.345,0,2,0,1
43,8,9,0,1,1,0,0,0,0,4.286,0,1,0,1
83,1,15,0,0,1,0,0,0,0,4.281,0,1,0,1
31,2,6,0,0,0,0,0,0,0,3.849,0,1,0,1
25,0,6,0,1,1,0,0,0,0,3.753,0,0,0,1
51,1,10,0,2,0,0,0,0,0,4.444,0,1,0,1
31,0,6,0,1,1,0,10331,0,0,3.784,0,0,0,1
50,3,8,0,1,0,0,0,0,0,4.174,0,3,0,1
34,0,7,0,1,0,0,0,0,0,4.08,0,1,0,1
27,4,6,0,1,0,0,1135,0.1,0,4.032,0,0,0,1
63,0,13,0,2,0,0,0,0,0,4.076,0,4,0,1
66,0,11,0,1,1,0,0,0.1,0,4.298,0,2,0,1
40,4,8,0,0,0,0,0,0,0,4.394,0,3,0,1
48,0,9,0,0,0,0,0,0,0,4.155,0,2,0,1
126,12,18,0,3,0,0,6019,0,0,4.711,1,2,0,1
41,0,6,0,1,1,0,0,0,0,4.064,0,0,0,1
36,0,6,0,1,1,0,9016,0,0,4.142,0,0,0,1
72,0,15,0,1,0,0,6874,0,0,4.187,0,2,0,1
68,11,9,0,3,0,0,6019,0,0,4.552,1,2,0,1
163,65,23,0,1,0,0,0,0,0,4.803,0,1,0,1
26,0,6,0,1,0,0,3198,0,1,3.921,0,0,0,1
64,22,7,0,1,0,0,3253,0,0,4.592,0,2,0,1
36,9,8,0,3,0,0,0,0,0,4.239,0,0,0,1
61,0,10,0,0,0,0,5795,0,0,4.086,0,4,0,1
66,14,9,0,1,1,0,0,0,0,4.951,0,2,0,1
35,0,6,0,1,1,0,0,0,0,4.069,0,0,0,1
113,0,19,0,0,0,0,0,0,0,4.421,0,8,0,1
41,0,9,0,1,0,0,0,0,0,3.647,0,0,0,1
23,0,7,0,1,0,0,0,0,0,3.642,0,1,0,1
31,0,6,0,1,0,0,0,0,0,4.039,0,0,0,1
84,0,12,0,0,0,0,0,0,0,4.236,1,5,0,1
29,0,6,0,1,0,0,0,0,0,4.047,0,1,0,1
98,29,14,0,1,0,0,4328,0,0,4.825,0,6,0,1
15,0,4,0,0,0,0,0,0,0,3.19,0,0,0,1
65,0,11,0,1,0,0,0,0,0,4.309,0,2,0,1
131,4,19,0,1,1,0,0,0,0,5.243,0,5,0,1
50,0,8,0,1,1,0,0,0,0,4.191,0,2,0,1
51,0,7,0,1,0,0,0,0,0,4.288,1,1,0,1
45,6,9,0,1,1,0,10359,0,0,4.322,0,3,0,1
159,43,16,0,0,0,0,0,0,0,4.917,0,6,0,1
44,10,8,0,1,1,0,4768,0,0,4.618,0,1,0,1
103,8,12,0,1,1,0,0,0,0,5.208,0,1,0,1
46,0,10,0,2,0,0,9829,0,0,4.013,0,3,0,1
45,0,8,0,1,1,0,0,0,0,4.144,0,2,0,1
51,0,9,0,2,0,0,0,0,0,4.032,0,2,0,1
38,0,8,0,1,0,0,0,0,0,3.893,0,2,0,1
81,23,8,0,1,0,0,7783,0,0,4.775,0,3,0,1
112,0,17,0,1,0,0,0,0,0,4.31,0,2,0,1
39,0,7,0,1,1,0,0,0,1,3.923,1,2,0,1
99,8,14,0,1,1,0,0,0,0,5.235,1,5,0,1
45,0,7,0,1,1,0,9016,0,0,4.225,0,1,0,1
60,2,11,0,3,0,0,7643,0,0,4.129,0,2,0,1
74,6,17,0,1,0,0,0,0,0,4.635,0,8,0,1
61,0,11,0,1,0,0,0,0,0,4.079,0,2,0,1
40,5,7,0,3,1,0,7643,0,0,4.215,0,0,0,1
52,2,8,0,1,0,0,0,0,0,4.379,0,2,0,1
88,0,15,0,2,1,0,0,0,1,4.326,1,2,0,1
74,2,10,0,0,0,0,7904,0,0,4.186,0,2,0,1
46,3,9,0,1,0,0,4660,0,0,4.469,0,2,0,1
54,0,8,0,1,0,0,0,0,0,4.368,0,2,0,1
54,0,9,0,0,0,0,0,0,0,4.234,0,3,0,1
38,0,8,0,1,1,0,0,0,0,4.238,1,2,0,1
67,0,11,0,1,0,0,0,0.1,0,4.361,0,3,0,1
62,0,14,0,0,0,0,0,0,0,4.35,0,5,0,1
59,4,10,0,0,0,0,0,0,0,4.343,0,4,0,1
57,1,8,0,2,1,0,3274,0,0,4.166,0,1,0,1
32,0,7,0,0,0,0,0,0,0,3.929,0,1,0,1
46,0,8,0,1,0,0,103,0,0,3.961,0,2,0,1
37,0,7,0,1,1,0,0,0,0,4.003,0,2,0,1
36,1,5,0,1,0,0,0,0,0,4.062,0,0,0,1
52,2,10,0,0,0,0,0,0,0,4.188,0,5,0,1
32,8,6,0,1,0,0,0,0,0,3.843,0,0,0,1
34,0,5,0,0,1,0,0,0,0,3.837,0,1,0,1
27,0,7,0,2,0,0,0,0,0,3.624,0,0,0,1
92,28,12,0,1,0,0,0,0,0,4.706,0,5,0,1
102,6,17,0,1,0,0,0,0,0,4.822,0,4,0,1
32,0,6,0,1,1,0,4305,0,0,4.007,0,0,0,1
29,0,6,0,1,1,0,0,0,0,3.854,0,0,0,1
119,1,18,0,1,0,0,0,0,0,4.541,0,7,0,1
59,4,9,0,1,1,0,0,0,0,4.349,0,4,0,1
54,0,8,0,0,0,0,6882,0,0,4.234,0,1,0,1
151,41,9,0,0,0,0,0,0,0,5.118,0,1,0,1
84,3,14,0,1,0,0,6124,0,0,4.355,0,3,0,1
55,0,11,0,1,0,0,0,0,0,4.381,1,4,0,1
18,0,5,0,0,1,0,0,0,0,3.308,0,0,0,1
39,0,6,0,1,1,0,0,0,0,4.06,0,1,0,1
28,0,7,0,1,1,0,0,0.1,0,3.896,0,0,0,1
32,0,8,0,1,0,0,7940,0,0,3.843,0,1,0,1
16,0,4,0,0,0,0,0,0,0,3.5,0,0,0,1
23,0,6,0,0,0,0,6169,0,0,3.708,0,1,0,1
29,0,7,0,2,0,0,0,0,0,3.995,0,0,0,1
29,0,6,0,1,1,0,0,0,0,3.926,0,0,0,1
41,0,7,0,1,1,0,0,0,0,4.111,0,2,0,1
22,4,5,0,0,1,0,6478,0,0,4.027,0,1,0,1
52,2,10,0,1,0,0,0,0,0,4.635,0,3,0,1
38,1,10,0,1,0,0,0,0,0,3.918,0,3,0,1
30,0,7,0,2,1,0,0,0.2,0,4.006,0,0,0,1
76,8,10,0,3,0,0,6019,0,0,4.41,1,2,0,1
430,17,99,1,2,0,0,0,0,0,4.715,1,2,0,1
37,0,6,0,1,0,0,6852,0,0,3.848,0,1,0,1
73,5,12,0,1,0,0,0,0,0,4.386,1,1,0,1
56,6,11,0,1,0,0,0,0,0,4.733,0,2,0,1
70,0,14,0,0,1,0,0,0,0,4.388,0,3,0,1
70,0,10,0,1,0,0,9829,0,0,4.426,0,3,0,1
52,4,9,0,1,0,0,0,0,0,4.388,0,3,0,1
31,0,7,0,1,1,0,0,0,1,3.84,0,0,0,1
90,22,11,0,1,1,0,4141,0,0,4.598,0,4,0,1
45,7,9,0,1,0,0,9186,0,0,4.32,0,3,0,1
55,2,9,0,1,0,0,0,0,0,4.491,0,2,0,1
65,5,12,0,1,0,0,0,0,0,4.504,0,3,0,1
41,3,7,0,1,0,0,0,0,0,4.113,0,0,0,1
71,12,11,0,0,1,0,0,0,0,4.739,0,2,0,1
83,6,12,0,1,1,0,0,0,0,5.007,1,4,0,1
73,25,8,0,0,0,0,154,0,0,4.774,1,2,0,1
44,9,8,0,1,0,0,0,0,0,4.555,0,1,0,1
114,6,17,0,1,0,0,0,0,0,4.845,0,2,0,1
127,20,18,0,3,1,0,6019,0,0,4.846,1,2,0,1
99,7,12,0,1,0,0,0,0,0,5.141,0,1,0,1
56,0,11,0,1,0,0,0,0,0,4.518,0,4,0,1
51,0,8,0,1,1,0,0,0,0,4.111,0,2,0,1
51,0,10,0,1,0,0,0,0,0,3.861,1,2,0,1
40,0,9,0,1,1,0,0,0,0,4.394,0,2,0,1
33,0,10,0,2,0,0,0,0,0,3.862,0,3,0,1
88,0,14,0,1,1,0,0,0,0,4.371,0,3,0,1
122,6,21,0,1,1,0,0,0,0,4.121,0,3,0,1
53,0,8,0,1,0,0,0,0,0,4.207,0,2,0,1
46,4,11,0,5,1,0,0,0,0,4.338,1,0,0,1
36,0,5,0,1,0,0,9326,0,0,4.083,0,0,0,1
31,0,6,0,1,0,0,0,0,0,3.8,0,0,0,1
48,0,11,0,1,1,0,0,0,0,4.148,0,3,0,1
101,0,14,0,0,1,0,0,0,0,4.265,0,3,0,1
41,0,8,0,1,0,0,0,0,0,4.278,0,2,0,1
43,4,8,0,3,0,0,703,0,0,4.304,1,0,0,1
15,0,4,0,0,0,0,0,0,0,3.507,0,0,0,1
42,3,10,0,1,0,0,0,0,0,4.246,0,1,0,1
51,0,9,0,0,0,0,0,0,0,3.953,0,1,0,1
48,0,11,0,1,0,0,6011,0,0,3.965,0,2,0,1
49,0,8,0,0,0,0,0,0,0,4.245,0,2,0,1
25,0,8,0,0,1,0,4674,0,0,4.214,0,0,0,1
49,1,10,0,1,1,0,0,0,0,4.008,0,3,0,1
48,1,8,0,1,0,0,0,0.1,0,4.267,0,1,0,1
108,4,15,0,1,0,0,0,0,0,4.687,0,4,0,1
39,0,7,0,0,0,0,3058,0,0,4.028,0,1,0,1
80,0,13,0,2,0,0,713,0,0,4.5,0,3,0,1
36,0,7,0,1,0,0,0,0,0,3.975,0,1,0,1
28,0,7,0,1,1,0,0,0,0,3.914,0,0,0,1
33,2,6,0,1,1,0,0,0,0,4.514,0,1,0,1
23,0,7,0,2,1,0,0,0,0,3.697,0,0,0,1
77,0,12,0,1,1,0,7252,0.1,0,4.312,0,2,0,1
342,142,37,0,2,1,0,0,0,0,5.299,0,3,0,1
38,5,7,0,1,1,0,0,0,0,4.294,0,0,0,1
73,0,12,0,1,0,0,0,0,0,4.295,0,2,0,1
33,0,7,0,1,1,0,7666,0,0,4.127,0,2,0,1
67,0,12,0,1,0,0,68,0,0,4.14,0,4,0,1
39,2,7,0,1,1,0,8458,0,0,4.202,0,2,0,1
24,0,6,0,1,1,0,0,0,0,3.804,0,0,0,1
26,0,6,0,1,1,0,0,0,0,3.844,0,0,0,1
39,5,9,0,0,1,0,0,0,0,4.16,0,4,0,1
62,22,8,0,2,0,0,0,0,0,4.758,0,1,0,1
41,0,8,0,0,0,0,0,0,0,4.241,1,2,0,1
40,0,6,0,1,1,0,0,0,0,4.044,0,0,0,1
51,0,9,0,1,0,0,0,0,0,4.185,0,1,0,1
59,4,12,0,1,1,0,0,0,0,4.428,0,3,0,1
50,0,9,0,1,1,0,0,0,0,3.922,0,3,0,1
52,3,8,0,1,0,0,0,0,0,4.08,0,1,0,1
43,0,8,0,0,0,0,0,0,0,3.999,0,2,0,1
94,12,13,0,1,0,0,0,0,0,4.325,0,3,0,1
60,0,9,0,1,0,0,0,0,0,4.026,0,2,0,1
18,0,4,0,0,0,0,0,0,0,3.614,0,0,0,1
204,27,15,0,1,1,0,0,0,0,5.634,0,3,0,1
94,15,14,0,2,1,0,0,0,0,4.688,1,2,0,1
41,0,9,0,3,0,0,0,0,0,4.044,0,0,0,1
19,3,6,0,1,0,0,0,0,0,3.577,0,0,0,1
35,1,7,0,0,0,0,0,0,0,3.976,0,1,0,1
63,0,10,0,0,0,0,0,0,0,4.164,0,4,0,1
53,4,9,0,1,0,0,0,0,0,4.284,0,4,0,1
75,0,15,0,3,0,0,0,0,0,4.177,1,4,0,1
35,4,5,0,1,1,0,0,0,0,4.272,0,0,0,1
210,14,37,0,1,1,0,0,0,0,5.336,1,1,0,1
44,0,7,0,0,1,0,0,0,0,4.036,0,1,0,1
150,73,12,0,3,0,0,0,0,0,4.431,1,1,0,1
39,0,9,0,1,0,0,0,0,0,4.028,0,2,0,1
64,0,13,0,1,0,0,0,0,0,4.164,1,6,0,1
106,17,18,0,2,1,0,0,0,0,5.034,0,5,0,1
34,0,7,0,1,1,0,0,0,0,4.029,0,1,0,1
65,0,12,0,1,1,0,0,0,0,4.322,0,2,0,1
60,2,13,0,1,0,0,0,0,0,4.309,0,6,0,1
25,0,6,0,0,0,0,0,0,0,3.814,0,1,0,1
39,5,7,0,1,0,0,0,0,0,4.292,0,2,0,1
38,0,9,0,1,0,0,0,0,0,4.201,0,2,0,1
129,3,23,0,0,1,0,0,0,0,5.238,0,4,0,1
52,0,10,0,1,1,0,0,0,0,4.16,0,3,0,1
30,11,8,1,2,0,0,0,0,0,3.898,0,1,0,1
33,0,6,0,1,1,0,0,0,0,3.862,0,0,0,1
118,9,15,0,1,0,0,0,0,0,4.554,0,3,0,1
27,0,5,0,0,0,0,0,0,0,3.838,0,0,0,1
78,13,16,0,1,0,0,0,0,0,4.646,0,7,0,1
35,1,7,0,1,0,0,0,0,0,4.186,0,0,0,1
32,0,7,0,0,0,0,0,0,0,3.903,0,1,0,1
64,4,13,0,3,0,0,0,0,0,4.321,0,2,0,1
38,3,7,0,1,1,0,0,0,0,4.294,0,0,0,1
24,0,7,0,2,1,0,0,0,0,3.709,0,0,0,1
68,0,9,0,1,0,0,0,0,0,4.287,0,3,0,1
126,21,19,0,3,1,0,0,0,0,4.67,1,2,0,1
41,0,8,0,1,1,0,0,0,0,4.162,0,2,0,1
48,0,9,0,1,1,0,0,0,0,4.478,0,2,0,1
29,0,6,0,1,0,0,0,0,0,3.926,0,0,0,1
24,0,6,0,1,1,0,0,0,0,3.741,0,0,0,1
50,1,10,0,1,1,0,0,0,0,4.233,0,2,0,1
126,15,18,0,3,0,0,0,0,0,4.701,1,2,0,1
39,0,9,0,1,1,0,0,0,0,4.163,0,3,0,1
102,20,12,0,0,0,0,0,0,0,4.586,0,7,0,1
31,2,6,0,1,0,0,0,0,0,4.147,0,0,0,1
86,24,12,0,2,0,0,0,0,0,5.103,0,1,0,1
78,8,15,0,1,1,0,0,0,0,4.659,0,5,0,1
29,0,7,0,2,1,0,0,0,0,3.857,0,0,0,1
33,7,7,0,1,0,0,0,0,0,4.309,0,1,0,1
27,0,7,0,0,0,0,0,0,0,3.866,0,1,0,1
24,0,6,0,1,1,0,0,0,0,3.657,0,0,0,1
39,0,7,0,1,1,0,0,0,0,3.923,0,1,0,1
28,0,6,0,1,0,0,0,0,0,4.209,0,0,0,1
87,11,9,0,1,0,0,0,0,0,5.09,0,1,0,1
43,0,8,0,1,0,0,0,0,0,4.107,0,2,0,1
27,0,6,0,1,0,0,0,0,0,3.81,0,0,0,1
101,8,19,0,1,0,0,0,0,0,4.52,0,4,0,1
60,0,10,0,1,0,0,0,0,0,4.264,0,1,0,1
38,0,9,0,1,0,0,0,0,0,4.306,0,1,0,1
19,0,5,0,0,1,0,0,0,0,3.747,0,0,0,1
137,36,43,0,1,1,0,0,0,0,3.923,0,2,0,1
263,34,29,0,12,0,0,0,0,0,5.346,1,3,0,1
22,4,5,0,0,1,0,0,0,0,3.936,0,1,0,1
89,1,15,0,0,0,0,0,0,0,4.457,1,4,0,1
28,0,6,0,1,1,0,0,0,0,3.941,0,0,0,1
49,1,7,0,1,0,0,0,0,0,4.051,0,1,0,1
45,3,10,0,3,1,0,0,0,0,4.267,0,0,0,1
30,0,6,0,1,0,0,0,0,0,3.79,0,0,0,1
54,0,9,0,0,0,0,0,0,0,4.121,0,3,0,1
29,0,5,0,1,0,0,0,0,0,3.909,0,0,0,1
86,0,14,0,0,0,0,0,0,0,4.422,0,4,0,1
26,2,6,0,1,0,0,0,0,0,3.95,0,0,0,1
83,9,12,0,1,1,0,0,0,0,4.724,0,2,0,1
49,0,7,0,0,1,0,0,0,0,4.112,0,1,0,1
33,7,7,0,1,0,0,0,0,0,4.37,0,1,0,1
40,0,7,0,1,0,0,0,0,0,4.103,0,2,0,1
56,0,11,0,1,0,0,0,0,0,4.307,0,2,0,1
27,0,6,0,1,1,0,0,0,0,3.676,0,0,0,1
70,0,11,0,1,0,0,0,0,0,4.328,0,1,0,1
128,7,14,0,9,0,0,0,0,0,4.569,0,0,0,1
25,3,5,0,0,0,0,0,0,0,4.214,0,1,0,1
33,0,7,0,1,1,0,0,0,0,4.052,0,1,0,1
52,0,8,0,1,1,0,0,0,0,4.174,0,2,0,1
31,0,6,0,1,1,0,0,0,0,3.736,0,0,0,1
41,4,6,0,1,1,0,0,0,0,4.227,0,0,0,1
33,0,6,0,1,1,0,0,0,0,4.104,0,0,0,1
32,0,6,0,0,1,0,0,0,0,4.108,0,0,0,1
66,2,11,0,1,0,0,0,0,0,4.355,0,2,0,1
85,8,17,0,1,1,0,0,0,0,4.472,0,4,0,1
52,0,8,0,1,1,0,0,0,0,4.289,0,2,0,1
109,6,16,0,1,1,0,0,0,0,4.557,0,2,0,1
84,0,12,0,0,0,0,0,0,0,4.146,0,1,0,1
110,14,11,0,1,1,0,0,0,0,5.29,1,3,0,1
171,52,17,0,0,0,0,0,0,0,4.968,1,5,0,1
17,0,5,0,0,0,0,0,0,0,3.248,0,0,0,1
19,0,4,0,0,0,0,0,0,0,3.261,0,0,0,1
98,28,16,1,2,0,0,0,0,0,4.643,0,8,0,1
32,0,6,0,1,0,0,0,0,0,3.82,0,0,0,1
28,0,6,0,2,1,0,0,0,0,3.968,0,0,0,1
64,2,11,0,1,0,0,0,0,0,4.387,0,2,0,1
40,0,7,0,1,1,0,0,0,0,3.994,0,2,0,1
132,15,15,0,1,1,0,0,0,0,5.363,0,5,0,1
124,6,20,0,1,1,0,0,0,0,5.159,0,5,0,1
51,0,9,0,0,0,0,0,0,0,3.944,1,4,0,1
141,41,9,0,1,1,0,0,0,0,5.214,0,2,0,1
126,16,18,0,3,0,0,0,0,0,4.753,1,2,0,1
21,0,5,0,1,0,0,0,0,0,3.654,0,0,0,1
53,2,11,0,1,0,0,0,0,0,4.343,0,3,0,1
27,0,6,0,1,1,0,0,0,0,3.828,0,0,0,1
76,21,9,0,0,0,0,0,0,0,4.652,0,4,0,1
79,0,13,0,1,0,0,0,0,0,4.233,0,1,0,1
77,16,7,0,0,0,0,0,0,0,4.581,0,3,0,1
35,0,8,0,1,1,0,0,0,0,3.84,0,2,0,1
56,0,9,0,1,1,0,0,0,0,4.296,0,1,0,1
49,4,9,0,1,0,0,0,0,0,4.123,0,3,0,1
41,0,7,0,1,0,0,0,0,0,4.123,0,2,0,1
84,23,10,0,1,0,0,0,0,0,4.77,1,3,0,1
29,0,6,0,1,1,0,0,0,0,3.909,0,0,0,1
21,0,6,0,1,1,0,0,0,0,3.559,0,0,0,1
35,0,8,0,1,0,0,0,0,0,4.05,0,1,0,1
28,0,8,0,1,1,0,0,0,0,3.798,0,0,0,1
97,0,16,0,2,1,0,0,0,0,4.46,0,5,0,1
36,0,6,0,0,0,0,0,0,0,3.785,0,1,0,1
63,0,10,0,1,1,0,0,0,0,4.068,0,2,0,1
24,0,5,0,1,0,0,0,0,0,3.918,0,0,0,1
40,1,5,0,1,0,0,0,0,0,4.009,0,0,0,1
85,0,14,0,0,0,0,0,0,0,4.248,0,8,0,1
56,6,11,0,3,0,0,0,0,0,4.582,0,1,0,1
49,0,9,0,0,0,0,0,0,0,4.108,0,4,0,1
23,0,5,0,0,1,0,0,0,0,3.588,0,1,0,1
64,0,11,0,0,1,0,0,0,0,4.371,0,5,0,1
46,2,11,0,1,1,0,0,0,0,4.398,0,3,0,1
36,0,8,0,0,0,0,0,0,0,4.007,0,3,0,1
29,2,5,0,1,0,0,0,0,0,4.116,1,0,0,1
55,3,8,0,1,0,0,0,0,0,4.075,0,1,0,1
45,0,7,0,1,0,0,0,0,0,4.136,0,1,0,1
33,0,6,0,1,0,0,0,0,0,4.006,0,0,0,1
231,92,20,0,1,1,0,0,0,0,4.834,1,4,0,1
30,0,6,0,1,1,1,0,0,0,3.736,0,1,0,1
31,0,6,0,1,0,0,0,0,0,3.825,0,0,0,1
27,0,7,0,1,1,0,0,0,0,3.764,0,0,0,1
81,21,8,0,1,0,0,0,0,0,4.812,0,3,0,1
58,7,10,0,1,1,0,0,0,0,4.386,0,1,0,1
28,0,6,0,1,1,0,0,0,0,3.968,0,0,0,1
25,0,6,0,1,1,0,0,0,0,3.589,0,0,0,1
87,2,13,0,0,0,0,0,0,0,4.444,1,5,0,1
28,0,6,0,1,1,0,0,0,0,3.941,0,0,0,1
133,8,23,0,1,1,0,0,0,0,4.584,0,5,0,1
26,0,7,0,2,1,0,0,0,0,3.892,0,0,0,1
36,0,8,0,0,0,0,0,0,0,3.801,0,3,0,1
29,0,5,0,0,1,0,0,0,0,4.116,1,1,0,1
37,0,7,0,1,1,0,0,0,0,3.925,0,0,0,1
33,0,6,0,1,1,0,0,0,0,3.937,0,0,0,1
47,0,10,0,1,0,0,0,0,0,4.281,0,1,0,1
26,3,6,0,1,1,0,0,0,0,3.95,0,0,0,1
93,2,17,0,1,0,0,0,0,0,4.585,0,4,0,1
44,0,9,0,3,0,0,0,0,0,4.226,0,1,0,1
34,0,6,0,1,0,0,0,0,0,3.94,1,0,0,1
63,0,12,0,1,0,0,0,0,0,4.267,0,1,0,1
56,9,11,0,3,1,0,0,0,0,4.497,0,1,0,1
28,3,5,0,1,1,0,0,0,0,3.852,0,0,0,1
51,0,11,0,1,0,0,0,0,0,4.14,0,1,0,1
50,3,8,0,0,0,0,0,0,0,4.088,0,2,0,1
70,6,11,0,1,0,0,0,0,0,4.421,0,4,0,1
41,2,10,0,1,0,0,0,0,0,4.327,0,1,0,1
74,7,11,0,1,0,0,0,0,0,4.356,0,2,0,1
26,0,6,0,1,1,0,0,0,0,3.95,0,0,0,1
114,6,19,0,1,1,0,0,0,0,4.432,0,3,0,1
49,0,7,0,0,0,0,0,0,0,4.027,0,2,0,1
26,0,6,0,1,1,0,0,0,0,3.815,0,0,0,1
42,0,9,0,1,1,0,0,0,0,4.128,0,2,0,1
28,0,5,0,0,1,0,0,0,0,3.869,0,0,0,1
29,0,6,0,1,1,0,0,0,0,3.995,0,0,0,1
32,0,7,0,1,0,0,0,0,0,3.804,0,1,0,1
34,1,7,0,1,1,0,0,0,0,4.175,0,0,0,1
51,0,12,0,1,0,0,0,0,0,4.398,0,1,0,1
78,0,14,0,1,1,0,0,0,0,4.303,0,1,0,1
43,0,8,0,3,0,0,0,0,0,4.008,0,1,0,1
154,14,23,0,1,1,0,0,0,0,5.29,1,5,0,1
35,0,7,0,2,1,0,0,0,0,3.971,0,0,0,1
54,0,8,0,1,0,0,0,0,0,3.949,0,1,0,1
35,0,6,0,1,0,0,0,0,0,4.047,0,0,0,1
25,0,5,0,0,1,0,0,0,0,3.833,0,0,0,1
27,0,6,0,1,0,0,0,0,0,3.856,0,0,0,1
61,9,12,1,2,0,0,0,0,0,4.773,1,3,0,1
41,0,6,0,1,0,0,0,0,0,4.035,0,1,0,1
47,0,9,0,0,0,0,0,0,0,3.961,0,4,0,1
19,0,6,0,1,0,0,0,0,0,3.392,0,0,0,1
38,0,7,0,1,1,0,0,0,0,4.116,0,1,0,1
64,6,12,0,1,0,0,0,0,0,4.328,0,3,0,1
271,84,25,0,1,0,0,0,0,0,4.8,1,8,0,1
50,0,9,0,0,0,0,0,0,0,4.013,0,4,0,1
80,7,15,0,1,1,0,0,0,0,4.53,0,2,0,1
67,0,9,0,0,1,0,0,0,0,4.277,0,4,0,1
282,59,31,0,1,1,0,0,0,0,5.56,0,5,0,1
144,6,19,0,1,1,0,0,0,0,5.145,0,5,0,1
52,4,8,0,0,0,0,0,0,0,4.443,0,3,0,1
28,0,6,0,1,1,0,0,0,0,3.798,0,0,0,1
50,0,9,0,1,1,0,0,0,0,4.004,0,3,0,1
60,13,14,0,1,0,0,0,0,0,4.659,0,3,0,1
87,2,11,0,1,1,0,0,0,0,4.191,0,2,0,1
35,4,7,0,1,0,0,0,0,0,3.936,0,1,0,1
102,25,14,0,2,0,0,0,0,0,4.691,0,5,0,1
63,9,8,0,1,1,0,0,0,0,4.997,0,0,0,1
36,0,7,0,1,1,0,0,0,0,4.218,0,0,0,1
21,0,6,0,1,1,0,0,0,0,3.523,0,0,0,1
238,75,35,0,1,1,0,0,0,0,5.36,0,1,0,1
36,10,8,1,2,0,0,0,0,0,4.128,0,1,0,1
38,0,6,0,1,1,0,0,0,0,4.109,0,0,0,1
88,15,16,1,2,0,0,0,0,0,4.528,0,4,0,1
29,0,6,0,1,0,0,0,0,0,3.719,0,0,0,1
27,0,6,0,1,0,0,0,0,0,3.81,0,1,0,1
101,11,11,0,1,1,0,0,0,0,5.259,1,5,0,1
18,0,5,0,1,0,0,0,0,0,3.725,0,0,0,1
27,0,7,0,1,0,0,0,0,0,3.514,0,1,0,1
28,1,7,0,1,1,0,0,0,0,3.968,1,1,0,1
36,1,7,0,0,0,0,0,0,0,4.163,0,2,0,1
53,0,9,0,1,0,0,0,0,0,4.336,0,2,0,1
66,10,12,0,1,0,0,0,0,0,4.557,1,5,0,1
35,0,6,0,1,1,0,0,0,0,3.797,0,0,0,1
27,1,5,0,0,1,0,0,0,0,3.958,0,1,0,1
21,10,7,1,2,0,0,0,0,0,3.427,0,0,0,1
123,7,22,0,1,0,0,0,0,0,4.477,0,2,0,1
47,0,9,0,2,0,0,0,0,0,4.076,0,2,0,1
59,2,11,0,1,1,0,0,0,0,4.312,0,2,0,1
15,1,5,0,0,0,0,0,0,0,3.457,0,1,0,1
26,0,6,0,1,0,0,0,0,0,3.584,0,0,0,1
82,9,16,0,3,1,0,0,0,0,4.715,0,2,0,1
77,0,12,0,1,1,0,0,0,0,4.44,0,4,0,1
38,3,9,0,1,1,0,0,0,0,4.179,0,3,0,1
39,0,5,0,1,0,0,0,0,0,4.055,0,0,0,1
42,0,8,0,1,1,0,0,0,0,4.184,0,2,0,1
33,0,7,0,1,1,0,0,0,0,3.923,0,1,0,1
53,0,10,0,1,0,0,0,0,0,4.522,1,0,0,1
44,2,9,0,1,0,0,0,0,0,4.374,0,2,0,1
23,0,6,0,1,0,0,0,0,0,3.675,0,0,0,1
17,0,4,0,0,0,0,0,0,0,3.455,0,0,0,1
26,0,6,0,1,0,0,0,0,0,3.815,0,0,0,1
129,20,20,0,4,0,0,0,0,0,4.755,1,2,0,1
42,5,8,0,1,0,0,0,0,0,4.214,0,0,0,1
52,2,8,0,1,0,0,0,0,0,4.036,0,2,0,1
27,1,6,0,1,0,0,0,0,0,3.93,0,0,0,1
43,6,9,0,1,0,0,0,0,0,4.342,0,3,0,1
28,0,7,0,1,0,0,0,0,0,3.74,0,0,0,1
97,4,14,0,1,1,0,0,0,0,4.494,0,5,0,1
28,0,6,0,1,0,0,0,0,0,3.842,0,0,0,1
27,0,6,0,1,0,0,0,0,0,4.004,0,0,0,1
35,0,7,0,1,0,0,0,0,0,3.84,0,1,0,1
62,0,9,0,1,1,0,0,0,0,4.275,0,2,0,1
127,24,18,0,3,1,0,0,0,0,4.832,1,2,0,1
29,2,5,0,1,0,0,0,0,0,4.03,0,0,0,1
33,0,7,0,1,0,0,0,0,0,3.726,0,1,0,1
72,6,14,0,1,0,0,0,0,0,4.567,0,3,0,1
33,0,5,0,1,1,0,0,0,0,3.991,0,0,0,1
40,0,7,0,1,0,0,0,0,0,4.096,0,2,0,1
61,1,11,0,3,0,0,0,0,0,4.189,0,1,0,1
51,0,8,0,1,0,0,0,0,0,3.934,0,2,0,1
44,0,8,0,0,1,0,0,0,0,4.368,0,1,0,1
259,31,8,0,1,0,0,0,0,0,5.58,0,2,0,1
57,0,10,0,1,0,0,0,0,0,4.258,0,4,0,1
31,0,6,0,1,1,0,0,0,0,4.042,0,0,0,1
47,0,9,0,1,0,0,0,0,0,4.291,1,3,0,1
93,0,17,0,1,0,0,0,0,0,4.517,0,3,0,1
49,0,8,0,1,0,0,0,0,0,4.092,0,2,0,1
22,0,6,0,1,1,0,0,0,0,3.754,0,0,0,1
45,0,7,0,1,1,0,0,0,0,4.225,0,2,0,1
105,10,14,0,1,1,0,0,0,0,5.243,0,4,0,1
109,7,12,0,1,1,0,0,0,0,5.142,0,1,0,1
40,0,5,0,1,0,0,0,0,0,4.165,0,0,0,1
24,5,5,0,0,0,0,0,0,0,4.022,0,1,0,1
37,0,8,0,1,0,0,0,0,0,3.784,0,2,0,1
152,0,26,0,1,1,0,0,0,0,4.418,0,1,0,1
124,22,19,0,4,1,0,0,0,0,4.811,1,2,0,1
35,4,6,0,1,0,0,0,0,0,4.207,0,1,0,1
126,24,18,0,3,0,0,0,0,0,4.782,1,2,0,1
51,7,10,0,1,0,0,0,0,0,4.305,0,3,0,1
126,47,15,0,1,0,0,0,0,0,4.876,0,1,0,1
49,0,7,0,1,0,0,0,0,0,4.042,0,1,0,1
46,0,8,0,1,1,0,0,0,0,4.292,0,1,0,1
31,0,6,0,1,1,0,0,0,0,4.018,0,1,0,1
45,0,9,0,1,0,0,0,0,0,4.295,0,2,0,1
36,0,6,0,1,1,0,0,0,0,3.968,0,0,0,1
56,5,9,0,1,0,0,0,0,0,4.454,0,2,0,1
54,2,8,0,1,0,0,0,0,0,4.343,0,2,0,1
76,9,10,0,3,0,0,0,0,0,4.478,1,2,0,1
29,0,6,0,1,1,0,0,0,0,3.926,0,0,0,1
70,4,11,0,1,1,0,0,0,0,4.927,1,4,0,1
22,11,7,1,2,0,0,0,0,0,3.538,0,0,0,1
46,0,6,0,1,0,0,0,0,0,4.074,0,0,0,1
53,0,10,0,1,0,0,0,0,0,4.072,0,1,0,1
105,1,16,0,1,0,0,0,0,0,4.245,0,8,0,1
64,13,11,0,1,1,0,0,0,0,4.653,0,3,0,1
29,0,6,0,1,1,0,0,0,0,3.926,0,0,0,1
47,0,8,0,1,0,0,0,0,0,4.188,0,2,0,1
126,39,15,0,1,0,0,0,0,0,4.735,0,1,0,1
37,0,6,0,1,1,0,0,0,0,3.965,0,0,0,1
42,0,8,0,1,1,0,0,0,0,4.044,0,3,0,1
15,0,4,0,0,0,0,0,0,0,3.457,0,0,0,1
44,7,8,0,1,0,0,0,0,0,4.482,0,2,0,1
71,0,12,0,1,0,0,0,0,0,4.364,0,2,0,1
72,2,10,0,0,1,0,0,0,0,4.804,0,3,0,1
48,0,8,0,1,1,0,0,0,0,4.104,0,2,0,1
29,2,6,0,1,0,0,0,0,0,4.28,0,0,0,1
71,15,10,0,1,1,0,0,0,0,4.539,0,3,0,1
32,1,6,0,1,0,0,0,0,0,4.093,0,0,0,1
59,23,7,0,1,0,0,0,0,0,4.719,0,1,0,1
55,0,7,0,1,0,0,0,0,0,4.274,0,1,0,1
26,0,6,0,1,1,0,0,0,0,4.027,0,0,0,1
32,0,8,0,1,0,0,0,0,0,3.793,0,2,0,1
34,0,6,0,1,0,0,0,0,0,4.021,0,0,0,1
115,18,20,0,1,0,0,0,0,0,4.584,0,3,0,1
33,5,6,0,1,1,0,0,0,0,4.43,0,1,0,1
74,5,12,0,1,0,0,0,0,0,4.43,0,2,0,1
77,14,7,0,0,0,0,0,0,0,4.537,0,3,0,1
18,0,4,0,0,0,0,0,0,0,3.684,0,0,0,1
62,3,9,0,1,0,0,0,0,0,4.242,0,3,0,1
56,0,10,0,1,0,0,0,0,0,4.349,0,1,0,1
53,9,11,0,3,1,0,0,0,0,4.187,0,0,0,1
27,0,5,0,0,0,0,0,0,0,3.958,0,1,0,1
84,4,14,0,7,0,0,0,0,0,4.389,1,2,0,1
56,0,10,0,0,0,0,0,0,0,4.182,0,4,0,1
552,198,68,0,1,1,0,0,0,0,5.116,1,3,0,1
110,6,23,0,1,1,0,0,0,0,4.355,0,3,0,1
102,16,12,0,0,0,0,0,0,0,4.453,0,7,0,1
32,0,6,0,1,0,0,0,0,0,4.031,0,0,0,1
99,10,17,0,2,1,0,0,0,0,4.511,0,3,0,1
19,0,6,0,1,1,0,0,0,0,3.287,0,0,0,1
34,3,8,0,0,0,0,0,0,0,4.124,0,1,0,1
103,7,17,0,1,0,0,0,0,0,4.642,0,3,0,1
45,6,10,0,0,0,0,0,0,0,4.4,0,1,0,1
31,1,5,0,1,0,0,0,0,0,3.91,0,0,0,1
24,0,6,0,1,1,0,0,0,0,3.574,0,0,0,1
76,7,12,0,1,1,0,0,0,0,4.473,0,3,0,1
393,16,90,1,2,0,0,0,0,0,4.67,1,2,0,1
45,0,7,0,0,0,0,0,0,0,3.764,0,1,0,1
36,0,7,0,1,0,0,0,0,0,4.03,0,0,0,1
409,83,28,0,2,0,0,0,0,0,5.844,0,2,0,1
76,11,14,0,6,0,0,0,0,0,4.544,1,0,0,1
24,0,5,0,1,0,0,0,0,0,3.72,0,0,0,1
49,0,10,0,1,0,0,0,0,0,3.876,0,5,0,1
40,5,10,0,2,0,0,0,0,0,4.144,0,3,0,1
29,0,6,0,1,1,0,0,0,0,3.857,0,0,0,1
22,0,5,0,1,0,0,0,0,0,3.698,0,0,0,1
34,0,6,0,0,1,0,0,0,0,3.643,0,1,0,1
121,17,16,0,1,1,0,0,0,0,5.015,1,1,0,1
64,0,11,0,1,0,0,0,0,0,4.406,0,4,0,1
38,0,6,0,1,1,0,0,0,0,4.043,0,0,0,1
25,4,6,0,0,1,0,0,0,0,3.943,0,0,0,1
50,0,8,0,0,0,0,0,0,0,4.147,0,2,0,1
89,0,15,0,1,0,0,0,0,0,4.345,0,8,0,1
58,0,8,0,1,0,0,0,0,0,4.109,0,2,0,1
29,0,5,0,1,0,0,0,0,0,3.88,0,0,0,1
30,0,7,0,1,1,0,0,0,0,3.873,0,0,0,1
71,7,12,0,1,0,0,0,0,0,4.28,0,4,0,1
44,0,6,0,1,1,0,0,0,0,4.252,0,0,0,1
58,0,10,0,1,0,0,0,0,0,4.121,0,1,0,1
56,0,6,0,1,1,0,0,0,0,4.153,0,0,0,1
42,0,8,0,1,0,0,0,0,0,3.928,0,0,0,1
36,1,8,0,2,0,0,0,0,0,4.329,0,2,0,1
38,0,6,0,1,0,0,0,0,0,3.866,0,0,0,1
33,8,6,0,1,1,0,0,0,0,3.862,0,0,0,1
35,0,6,0,1,0,0,0,0,0,4.028,0,0,0,1
47,0,7,0,1,1,0,0,0,0,4.015,0,0,0,1
26,0,6,0,1,1,0,0,0,0,3.844,0,0,0,1
29,1,6,0,1,0,0,0,0,0,4.142,0,1,0,1
32,0,6,0,1,1,0,0,0,0,3.89,0,0,0,1
67,2,14,0,0,0,0,0,0,0,4.181,0,2,0,1
27,0,6,0,1,1,0,0,0,0,3.838,0,0,0,1
106,5,17,0,1,0,0,0,0,0,4.77,1,9,0,1
70,2,12,0,0,0,0,0,0,0,4.132,0,3,0,1
163,20,21,0,0,1,0,0,0,0,5.487,0,5,0,1
31,0,6,0,1,1,0,0,0,0,4.147,0,0,0,1
85,0,14,0,1,0,0,0,0,0,4.154,0,4,0,1
44,0,9,0,1,1,0,0,0,0,4.192,1,2,0,1
54,0,7,0,0,0,0,0,0,0,4.017,0,3,0,1
54,0,9,0,2,1,0,0,0,0,4.121,0,2,0,1
29,0,7,0,1,1,0,0,0,0,3.857,0,0,0,1
38,0,8,0,0,1,0,0,0,0,4.116,0,1,0,1
20,0,6,0,1,0,0,0,0,0,3.546,0,0,0,1
27,0,6,0,1,0,0,0,0,0,3.574,0,0,0,1
22,3,5,0,0,1,0,0,0,0,3.936,0,1,0,1
63,0,9,0,1,1,0,0,0,0,4.133,0,2,0,1
73,0,10,0,1,0,0,0,0,0,4.079,0,3,0,1
81,24,8,0,1,0,0,0,0,0,4.808,0,3,0,1
216,72,17,0,0,0,0,0,0,0,4.664,1,3,0,1
83,7,12,0,1,1,0,0,0,0,5.095,1,4,0,1
30,0,6,0,1,1,0,0,0,0,3.765,0,0,0,1
25,0,6,0,1,1,0,0,0,0,3.943,0,0,0,1
38,3,7,0,0,1,0,0,0,0,4.061,0,2,0,1
68,0,13,0,1,0,0,0,0,0,4.569,0,2,0,1
71,10,9,0,1,0,0,0,0,0,4.651,0,2,0,1
23,1,5,0,0,1,0,0,0,0,3.725,0,1,0,1
37,0,8,0,1,0,0,0,0,0,3.818,0,2,0,1
28,0,6,0,1,1,0,0,0,0,3.78,0,0,0,1
43,0,8,0,1,1,0,0,0,0,4.127,0,0,0,1
36,0,7,0,0,1,0,0,0,0,4.041,0,2,0,1
50,0,8,0,3,0,0,0,0,0,4.229,0,0,0,1
44,0,7,0,2,0,0,0,0,0,4.056,0,0,0,1
128,21,19,0,3,1,0,0,0,0,4.803,1,2,0,1
58,0,10,0,1,0,0,0,0,0,4.339,0,3,0,1
66,0,10,0,1,1,0,0,0,0,4.102,0,2,0,1
241,48,23,0,4,0,0,0,0,0,5.25,1,3,0,1
44,0,7,0,1,0,0,0,0,0,4.135,0,2,0,1
18,0,5,0,0,1,0,0,0,0,3.572,0,0,0,1
39,0,8,0,0,0,0,0,0,0,4.131,1,1,0,1
46,1,9,0,1,1,0,0,0,0,3.969,0,2,0,1
51,0,9,0,1,1,0,0,0,0,4.123,1,3,0,1
25,0,6,0,1,0,0,0,0,0,4.023,0,0,0,1
37,0,10,0,1,1,0,0,0,0,4.26,0,0,0,1
52,0,9,0,1,0,0,0,0,0,4.087,0,3,0,1
26,0,6,0,1,1,0,0,0,0,3.767,0,0,0,1
25,0,6,0,1,1,0,0,0,0,3.753,0,0,0,1
34,0,8,0,0,1,0,0,0,0,4.091,0,2,0,1
56,0,11,0,0,1,0,0,0,0,4.239,0,4,0,1
32,0,7,0,0,0,0,0,0,0,3.976,0,1,0,1
26,0,7,0,1,1,0,0,0,0,3.719,0,0,0,1
77,23,7,0,0,0,0,0,0,0,4.672,0,3,0,1
57,10,9,0,1,0,0,0,0,0,4.569,0,2,0,1
59,3,11,0,3,0,0,0,0,0,4.314,0,1,0,1
102,23,12,0,0,0,0,0,0,0,4.654,0,7,0,1
39,3,8,0,0,0,0,0,0,0,3.926,0,3,0,1
35,0,8,0,1,1,0,0,0,0,4.022,0,1,0,1
28,0,6,0,1,0,0,0,0,0,3.941,0,0,0,1
30,3,5,0,1,0,0,0,0,0,3.99,0,0,0,1
101,0,18,0,1,0,0,0,0,0,4.292,0,2,0,1
30,0,6,0,2,0,0,0,0,0,4.257,0,0,0,1
44,6,10,0,3,1,0,0,0,0,4.172,0,0,0,1
39,0,6,0,0,1,0,0,0,0,4.118,0,1,0,1
90,5,12,0,1,0,0,0,0,0,4.32,0,1,0,1
34,0,7,0,0,0,0,0,0,0,3.9,0,2,0,1
36,7,9,0,1,0,0,0,0,0,4.361,0,2,0,1
37,0,7,0,1,1,0,0,0,0,4.013,0,2,0,1
39,0,7,0,1,0,0,0,0,0,3.955,0,2,0,1
42,0,8,0,3,1,0,0,0,0,4.026,0,0,0,1
48,0,10,0,1,0,0,0,0,0,4.217,0,2,0,1
75,0,19,0,0,0,0,0,0,0,4.497,0,4,0,1
25,0,6,0,1,1,0,0,0,0,3.643,0,0,0,1
50,0,8,0,1,0,0,0,0,0,4.241,0,2,0,1
92,3,15,0,1,0,0,0,0,0,4.508,0,6,0,1
31,1,5,0,1,0,0,0,0,0,4.002,0,0,0,1
25,0,4,0,0,0,0,0,0,0,3.703,0,0,0,1
41,0,9,0,2,0,0,0,0,0,4.248,0,0,0,1
22,0,6,0,1,0,0,0,0,0,3.538,0,0,0,1
76,20,10,0,1,0,0,0,0,0,4.991,0,1,0,1
40,0,6,0,0,0,0,0,0,0,3.984,0,2,0,1
51,3,7,0,1,1,0,0,0,0,4.432,1,1,0,1
60,0,12,0,1,1,0,0,0,0,4.298,0,3,0,1
33,0,6,0,1,0,0,0,0,0,3.98,0,0,0,1
131,23,13,0,0,1,0,0,0,0,5.338,0,2,0,1
68,0,12,0,0,0,0,0,0,0,4.206,0,6,0,1
51,11,8,0,1,0,0,0,0,0,4.37,0,2,0,1
45,3,9,0,1,0,0,0,0,0,4.375,0,3,0,1
67,0,11,0,1,1,0,0,0,0,4.163,0,3,0,1
24,0,6,0,1,1,0,0,0,0,3.855,0,0,0,1
92,17,13,0,1,0,0,0,0,0,4.515,0,7,0,1
34,0,6,0,1,0,0,0,0,0,4.08,0,0,0,1
54,5,10,0,1,0,0,0,0,0,4.389,0,4,0,1
40,0,5,0,1,0,0,0,0,0,4.165,0,0,0,1
70,1,13,0,1,0,0,0,0,0,4.359,0,2,0,1
18,1,5,0,0,0,0,0,0,0,3.642,0,1,0,1
126,21,18,0,3,0,0,0,0,0,4.733,1,2,0,1
24,0,7,0,2,0,0,0,0,0,3.424,0,0,0,1
54,13,7,0,1,1,0,0,0,0,4.535,0,2,0,1
66,0,12,0,1,1,0,0,0,0,4.102,0,3,0,1
29,0,6,0,1,1,0,0,0,0,3.762,0,0,0,1
22,3,6,0,1,1,0,0,0,0,3.538,0,0,0,1
78,7,12,0,0,0,0,0,0,0,4.587,0,3,0,1
98,0,15,0,0,0,0,0,0,0,4.452,1,5,0,1
44,7,9,0,1,0,0,0,0,0,4.4,0,3,0,1
124,24,19,0,4,1,0,0,0,0,4.851,1,2,0,1
45,0,10,0,1,1,0,0,0,0,4.217,0,2,0,1
48,3,9,0,3,1,0,0,0,0,4.247,0,1,0,1
28,0,5,0,0,0,0,0,0,0,3.896,0,1,0,1
63,0,9,0,1,0,0,0,0,0,4.274,0,2,0,1
58,0,9,0,1,1,0,0,0,0,4.366,0,2,0,1
51,15,10,0,1,1,0,0,0,0,4.446,0,0,0,1
23,0,6,0,1,0,0,0,0,0,3.534,0,0,0,1
23,4,6,0,1,0,0,0,0,0,3.523,0,0,0,1
58,0,10,0,1,0,0,0,0,0,4.196,0,2,0,1
54,8,7,0,1,1,0,0,0,0,4.595,0,2,0,1
392,15,90,1,2,0,0,0,0,0,4.645,1,2,0,1
78,7,15,0,0,0,0,0,0,0,4.327,0,3,0,1
57,2,11,0,1,1,0,0,0,0,4.455,0,1,0,1
46,6,10,0,3,1,0,0,0,0,4.352,0,0,0,1
43,0,9,0,3,1,0,0,0,0,4.016,0,1,0,1
51,10,10,0,2,1,0,0,0,0,4.54,0,1,0,1
53,3,9,0,0,0,0,0,0,0,4.237,0,4,0,1
57,2,9,0,3,0,0,0,0,0,4.269,1,1,0,1
30,0,6,0,1,1,0,0,0,0,3.857,0,0,0,1
46,2,9,0,0,0,0,0,0,0,4.311,0,4,0,1
192,106,37,0,1,1,0,0,0,0,4.564,0,2,0,1
18,0,5,0,0,1,0,0,0,0,3.419,0,0,0,1
33,0,5,0,0,1,1,0,0,0,4.127,0,0,0,1
22,0,6,0,1,1,0,0,0,0,3.664,0,0,0,1
28,0,6,0,1,1,0,0,0,0,3.798,0,0,0,1
28,0,5,0,1,0,0,0,0,0,3.821,0,0,0,1
77,0,9,0,2,1,0,0,0,0,4.138,0,2,0,1
64,2,11,0,1,1,0,0,0,0,4.453,0,5,0,1
58,0,8,0,1,0,0,0,0,0,4.091,0,1,0,1
47,1,12,0,1,1,0,0,0,0,4.073,0,1,0,1
17,0,5,0,0,1,0,0,0,0,3.572,0,0,0,1
68,7,12,0,1,0,0,0,0,0,4.604,0,1,0,1
21,0,6,0,1,1,0,0,0,0,3.463,0,0,0,1
172,43,21,0,0,0,0,0,0,0,5.445,1,2,0,1
19,0,5,0,1,0,0,0,0,0,3.616,0,0,0,1
50,0,8,0,1,0,0,0,0,0,4.424,1,1,0,1
58,0,11,0,3,1,0,0,0,0,4.131,1,1,0,1
78,9,10,0,3,1,0,0,0,0,4.558,0,0,0,1
61,0,12,0,1,0,0,0,0,0,4.387,0,2,0,1
28,0,6,0,1,1,0,0,0,0,3.825,0,0,0,1
21,0,4,0,0,0,0,0,0,0,3.69,0,0,0,1
44,0,6,0,1,0,0,0,0,0,4.019,0,1,0,1
46,0,6,0,1,0,0,0,0,0,4.034,0,0,0,1
32,2,6,0,1,0,0,0,0,0,3.941,0,0,0,1
34,0,7,0,1,0,0,0,0,0,4.077,0,0,0,1
187,38,24,0,0,0,0,0,0,0,5.456,1,4,0,1
66,6,12,0,1,0,0,0,0,0,4.46,0,5,0,1
70,2,13,0,1,0,0,0,0,0,4.499,0,2,0,1
25,2,7,0,1,0,0,0,0,0,3.734,0,1,0,1
54,8,7,0,1,1,0,0,0,0,4.773,0,2,0,1
42,0,8,0,1,0,0,0,0,0,4.092,0,0,0,1
62,0,11,0,1,0,0,0,0,0,4.198,0,1,0,1
77,22,7,0,0,0,0,0,0,0,4.737,0,3,0,1
74,6,11,0,2,0,0,0,0,0,4.583,1,2,0,1
128,22,19,0,3,1,0,0,0,0,4.72,1,2,0,1
123,28,18,0,4,1,0,0,0,0,4.935,1,2,0,1
43,0,8,0,1,0,0,0,0,0,4.059,0,2,0,1
29,0,6,0,1,1,0,0,0,0,3.857,0,0,0,1
91,6,16,0,1,0,0,0,0,0,4.361,0,3,0,1
25,0,6,0,1,1,0,0,0,0,3.734,0,0,0,1
103,0,16,0,1,0,0,0,0,0,4.17,0,2,0,1
24,0,5,0,0,1,0,5595,0,0,3.657,0,0,0,1
260,38,13,0,0,1,0,0,0,0,5.846,0,3,0,1
163,2,25,0,1,0,0,0,0,0,4.597,1,7,0,1
49,0,10,0,2,0,0,0,0,0,4.107,0,2,0,1
25,0,6,0,1,0,0,0,0,0,4.023,0,0,0,1
34,0,6,0,1,1,0,0,0,0,3.903,0,0,0,1
70,0,14,0,1,0,0,0,0,0,4.333,1,4,0,1
44,0,8,0,0,0,0,5754,0,0,3.934,0,3,0,1
76,0,14,0,1,0,0,0,0,0,4.322,0,2,0,1
21,0,6,0,1,1,0,0,0,0,3.654,0,0,0,1
65,0,10,0,1,0,0,6515,0,0,4.143,0,2,0,1
35,0,6,0,1,1,0,4590,0,0,4.129,0,0,0,1
53,2,12,0,3,1,0,0,0,0,4.485,0,3,0,1
77,14,8,0,1,1,0,0,0,0,4.508,0,3,0,1
25,0,6,0,1,1,0,7999,0,0,3.723,0,0,0,1
229,22,42,0,0,1,0,0,0,0,4.742,0,3,0,1
43,2,9,0,1,0,0,0,0,0,4.136,0,3,0,1
71,0,11,0,1,0,0,0,0,0,4.233,0,5,0,1
49,0,9,0,1,0,0,0,0,0,4.329,0,2,0,1
44,0,7,0,1,1,0,0,0,0,4.266,0,1,0,1
66,6,13,0,1,1,0,0,0,0,4.49,0,1,0,1
56,3,9,0,1,0,0,0,0,0,4.133,0,1,0,1
39,0,7,0,1,1,0,0,0,0,4.16,1,2,0,1
42,5,9,0,1,0,0,0,0,0,4.282,0,3,0,1
24,0,6,0,1,1,0,0,0,0,3.772,0,0,0,1
31,0,6,0,1,1,0,0,0,0,4.002,0,0,0,1
113,9,19,0,1,0,0,0,0,0,4.43,0,1,0,1
113,6,16,0,1,1,0,0,0,0,5.249,1,5,0,1
33,1,7,0,1,1,0,0,0,0,4.087,0,2,0,1
29,0,6,0,1,1,0,0,0,0,4.021,0,0,0,1
81,6,14,0,2,1,0,0,0,0,4.441,0,3,0,1
30,0,6,0,1,1,0,0,0,0,4.082,0,0,0,1
49,0,9,0,1,0,0,0,0,0,4.011,0,3,0,1
60,0,12,0,1,1,0,0,0,0,4.317,0,1,0,1
22,0,6,0,1,1,0,0,0,0,3.573,0,0,0,1
260,31,8,0,1,1,0,0,0,0,5.582,0,2,0,1
47,0,11,0,0,0,0,0,0,0,4.17,1,3,0,1
32,0,7,0,2,1,0,0,0,0,3.906,0,0,0,1
21,0,7,0,1,1,0,0,0,0,3.535,0,1,0,1
38,0,8,0,0,0,0,0,0,0,4.199,0,2,0,1
33,3,7,0,1,0,0,0,0,0,4.127,0,0,0,1
31,0,6,0,1,0,0,0,0,0,3.926,0,0,0,1
37,0,6,0,0,0,0,0,0,0,3.99,0,2,0,1
86,5,12,0,1,1,0,0,0,0,5.15,0,1,0,1
126,22,18,0,3,0,0,0,0,0,4.725,1,2,0,1
87,5,14,0,0,1,0,0,0,0,4.342,0,2,0,1
25,0,5,0,0,1,0,0,0,0,3.863,0,0,0,1
53,14,9,0,3,0,0,0,0,0,4.464,0,1,0,1
45,0,11,0,1,0,0,0,0,0,4.295,0,2,0,1
154,73,13,0,4,0,0,0,0,0,4.485,1,1,0,1
40,0,6,0,1,1,0,0,0,0,4.156,0,1,0,1
38,8,6,0,1,0,0,0,0,0,4.451,0,1,0,1
28,0,8,0,3,1,0,0,0,0,3.655,0,0,0,1
31,0,6,0,1,0,0,0,0,0,3.873,0,0,0,1
58,0,9,0,1,0,0,0,0,0,4.143,0,2,0,1
18,0,6,0,1,0,0,0,0,0,3.419,0,0,0,1
76,6,10,0,3,0,0,0,0,0,4.528,1,2,0,1
77,17,7,0,0,0,0,0,0,0,4.433,0,3,0,1
95,5,12,0,1,1,0,0,0,0,4.549,1,5,0,1
27,0,6,0,1,1,0,0,0,0,3.81,0,0,0,1
56,0,11,0,1,0,0,0,0,0,3.94,0,4,0,1
30,0,6,0,1,0,0,0,0,0,4.031,0,0,0,1
39,0,7,0,1,1,0,0,0,0,4.048,0,1,0,1
48,0,7,0,0,0,0,0,0,0,4.304,0,2,0,1
36,0,8,0,1,0,0,0,0,0,4.007,0,2,0,1
85,6,10,0,1,1,0,0,0,0,4.876,0,0,0,1
46,0,9,0,1,0,0,0,0,0,4.069,0,1,0,1
96,0,13,0,1,0,0,0,0,0,4.098,0,1,0,1
31,1,5,0,1,0,0,0,0,0,4.002,0,0,0,1
72,6,14,0,0,0,0,0,0,0,4.325,0,3,0,1
41,0,6,0,1,1,0,0,0,0,4.004,0,0,0,1
439,233,18,0,1,0,0,0,0,0,4.355,0,9,0,1
44,0,9,0,1,1,0,0,0,0,4.063,1,0,0,1
73,6,12,0,1,0,0,0,0,0,4.473,0,1,0,1
32,4,5,0,1,1,0,0,0,0,4.039,0,0,0,1
42,1,9,0,1,0,0,0,0,0,4.017,0,3,0,1
38,0,9,0,3,0,0,0,0,0,3.833,0,0,0,1
48,0,9,0,1,0,0,0,0,0,4.209,0,1,0,1
19,4,6,0,1,0,0,0,0,0,3.577,0,0,0,1
54,8,7,0,1,1,0,0,0,0,4.558,0,2,0,1
116,24,17,0,3,0,0,0,0,0,4.769,1,2,0,1
101,21,10,0,1,0,0,0,0,0,4.758,1,4,0,1
48,0,7,0,0,1,0,0,0,0,3.997,1,3,0,1
57,2,9,0,1,1,0,0,0,0,4.364,0,2,0,1
21,0,4,0,0,0,0,0,0,0,3.88,0,0,0,1
120,21,18,0,3,1,0,0,0,0,4.719,1,2,0,1
25,0,6,0,1,1,0,0,0,0,3.863,0,0,0,1
32,0,7,0,1,0,0,0,0,0,3.89,0,1,0,1
25,0,6,0,1,1,0,0,0,0,3.833,0,0,0,1
111,12,15,0,1,0,0,0,0,0,4.742,0,5,0,1
66,18,9,0,1,1,0,0,0,0,4.97,0,1,0,1
48,0,8,0,0,0,0,0,0,0,4.036,0,2,0,1
23,0,6,0,1,0,0,0,0,0,3.849,0,1,0,1
127,19,18,0,3,1,0,0,0,0,4.814,1,2,0,1
24,0,6,0,1,1,0,0,0,0,3.657,0,0,0,1
47,0,8,0,0,0,0,0,0,0,4.318,0,3,0,1
46,0,8,0,1,1,0,0,0,0,4.274,0,0,0,1
69,0,11,0,1,0,0,0,0,0,4.09,0,1,0,1
37,0,5,0,1,0,0,0,0,0,4.088,0,0,0,1
63,0,12,0,0,0,0,0,0,0,4.028,0,6,0,1
30,0,6,0,1,1,0,0,0,0,4.098,0,0,0,1
43,0,8,0,1,1,0,0,0,0,4.211,0,2,0,1
32,0,6,0,0,1,0,0,0,0,3.953,0,1,0,1
50,0,7,0,1,0,0,0,0,0,4.14,0,1,0,1
44,6,9,0,1,0,0,0,0,0,4.306,0,3,0,1
27,0,6,0,1,1,0,0,0,0,3.736,0,0,0,1
105,4,18,0,1,1,0,0,0,0,5.354,0,4,0,1
45,9,8,0,2,0,0,0,0,0,4.467,1,1,0,1
32,0,7,0,1,0,0,0,0,0,3.843,0,0,0,1
57,0,13,0,1,0,0,0,0,0,4.184,0,2,0,1
21,0,6,0,1,1,0,0,0,0,3.749,0,0,0,1
155,29,18,0,0,1,0,0,0,0,4.734,1,7,0,1
21,10,7,1,2,0,0,0,0,0,3.523,0,0,0,1
47,3,7,0,1,0,0,0,0,0,4.152,0,1,0,1
36,1,8,0,1,0,0,0,0,0,3.938,0,2,0,1
65,0,10,0,1,0,0,0,0,0,4.258,0,1,0,1
23,0,5,0,1,0,0,0,0,0,4.002,0,0,0,1
46,2,8,0,1,1,0,0,0,0,4.249,1,0,0,1
31,0,6,0,1,1,0,0,0,0,3.696,0,0,0,1
54,13,6,0,1,0,0,0,0,0,4.523,0,1,0,1
30,0,6,0,1,1,0,0,0,0,4.006,0,0,0,1
63,0,12,0,1,0,0,0,0,0,4.148,0,4,0,1
65,0,11,0,1,0,0,0,0,0,4.148,0,1,0,1
65,6,7,0,1,0,0,0,0,0,4.441,1,1,0,1
136,25,16,0,0,0,0,0,0,0,4.774,0,2,0,1
45,0,7,0,1,0,0,0,0,0,4.16,0,0,0,1
48,0,8,0,2,0,0,0,0,0,4.009,0,1,0,1
29,0,6,0,1,1,0,0,0,0,3.667,0,0,0,1
44,0,8,0,0,0,0,0,0,0,4.229,0,3,0,1
48,6,8,0,1,1,0,0,0,0,4.042,0,2,0,1
24,0,6,0,1,1,0,0,0,0,3.855,0,0,0,1
22,0,5,0,1,0,0,0,0,0,3.516,0,0,0,1
41,0,8,0,1,1,0,0,0,0,4.278,0,2,0,1
73,18,9,0,1,0,0,0,0,0,4.962,0,1,0,1
69,5,8,0,3,0,0,0,0,0,4.498,0,0,0,1
29,2,6,0,1,0,0,0,0,0,3.992,0,0,0,1
57,0,9,0,1,0,0,0,0,0,4.184,0,3,0,1
46,4,10,0,1,0,0,0,0,0,4.632,0,1,0,1
124,16,19,0,4,1,0,0,0,0,4.782,1,2,0,1
30,0,7,0,1,1,0,0,0,0,3.99,0,0,0,1
66,0,11,0,1,0,0,0,0,0,4.546,0,2,0,1
69,0,13,0,0,0,0,0,0,0,4.269,0,5,0,1
98,0,13,0,0,0,0,0,0,0,4.403,0,2,0,1
63,0,9,0,1,1,0,0,0,0,4.14,0,1,0,1
37,0,7,0,1,0,0,0,0,0,4.003,0,1,0,1
28,0,6,0,0,0,0,0,0,0,4.138,0,2,0,1
61,0,11,0,3,0,0,0,0,0,4.189,1,1,0,1
51,0,10,0,1,0,0,0,0,0,4.108,0,1,0,1
31,4,6,0,1,1,0,0,0,0,4.091,0,0,0,1
21,0,6,0,1,1,0,0,0,0,3.427,0,0,0,1
101,0,14,0,1,0,0,0,0,0,4.219,0,1,0,1
26,0,7,0,1,1,0,0,0,0,3.719,0,0,0,1
77,25,8,0,1,1,0,0,0,0,4.703,0,2,0,1
28,0,6,0,1,1,0,0,0,0,4.111,0,0,0,1
69,5,9,0,3,0,0,0,0,0,4.718,0,2,0,1
34,0,8,0,1,0,0,0,0,0,3.918,0,0,0,1
46,0,8,0,0,1,0,0,0,0,3.972,0,3,0,1
31,0,6,0,1,1,0,0,0,0,3.873,0,0,0,1
121,0,23,0,1,1,0,0,0,0,4.262,0,1,0,1
66,17,11,0,4,0,0,0,0,0,4.544,0,2,0,1
53,0,9,0,1,0,0,0,0,0,4.254,1,2,0,1
22,0,7,0,2,0,0,0,0,0,3.629,0,0,0,1
30,0,5,0,1,0,0,0,0,0,4.006,0,0,0,1
59,5,10,0,1,0,0,0,0,0,4.486,0,3,0,1
53,1,9,0,0,0,0,0,0,0,4.289,0,3,0,1
22,0,6,0,1,0,0,0,0,0,3.629,0,0,0,1
24,0,5,0,0,0,0,0,0,0,3.709,0,1,0,1
28,0,6,0,1,1,0,0,0,0,3.941,0,0,0,1
71,0,11,0,1,1,0,0,0,0,4.278,0,3,0,1
37,0,7,0,1,0,0,0,0,0,3.972,0,1,0,1
27,0,6,0,1,1,0,0,0,0,3.68,0,0,0,1
21,5,7,0,1,0,0,0,0,0,3.559,0,0,0,1
62,2,12,0,1,1,0,0,0,0,4.045,0,2,0,1
29,2,7,0,1,0,0,0,0,0,3.693,0,0,0,1
70,5,11,0,1,1,0,0,0,0,4.986,1,4,0,1
110,5,19,0,1,0,0,0,0,0,4.591,1,11,0,1
46,0,9,0,1,0,0,0,0,0,4.075,0,3,0,1
53,0,8,0,1,0,0,0,0,0,4.274,0,1,0,1
99,8,12,0,1,1,0,0,0,0,5.215,1,5,0,1
26,0,6,0,1,1,0,0,0,0,3.921,0,0,0,1
63,0,10,0,1,0,0,0,0,0,4.316,0,3,0,1
32,0,7,0,0,0,0,0,0,0,3.968,0,1,0,1
53,0,10,0,1,0,0,0,0,0,4.117,0,1,0,1
74,0,14,0,1,0,0,0,0,0,4.292,0,6,0,1
31,0,5,0,1,0,0,0,0,0,4.107,1,0,0,1
45,0,8,0,2,0,0,0,0,0,3.939,0,2,0,1
50,3,8,0,1,0,0,0,0,0,4.227,0,3,0,1
83,0,13,0,1,1,0,0,0,0,4.447,0,7,0,1
167,24,8,0,1,0,0,0,0,0,5.459,0,2,0,1
29,0,5,0,1,0,0,0,0,0,3.742,0,0,0,1
41,6,9,0,0,0,0,0,0,0,4.29,0,1,0,1
54,6,10,0,1,0,0,0,0,0,4.298,0,2,0,1
77,4,16,0,1,1,0,0,0,0,4.489,0,3,0,1
54,0,11,0,1,1,0,0,0,0,4.146,0,2,0,1
51,0,9,0,1,1,0,0,0,0,4.071,0,2,0,1
28,0,6,0,1,1,0,0,0,0,3.842,0,0,0,1
40,10,8,0,3,1,0,0,0,0,4.128,0,0,0,1
42,1,5,0,1,0,0,0,0,0,4.11,0,0,0,1
49,0,8,0,1,1,0,0,0,0,4.298,0,2,0,1
77,0,12,0,2,0,0,0,0,0,4.15,1,5,0,1
127,43,15,0,1,1,0,0,0,0,4.845,0,1,0,1
47,3,8,0,1,0,0,0,0,0,4.173,1,1,0,1
102,11,17,0,2,1,0,0,0,0,4.9,1,1,0,1
262,39,21,0,11,0,0,0,0,0,5.094,0,3,0,1
48,0,9,0,1,0,0,0,0,0,4.106,0,2,0,1
56,0,7,0,1,0,0,0,0,0,4.159,0,2,0,1
60,0,13,0,1,0,0,0,0,0,4.153,0,1,0,1
34,0,7,0,1,1,0,0,0,0,3.984,0,2,0,1
43,9,8,0,1,1,0,0,0,0,4.404,0,3,0,1
40,2,8,0,3,1,0,0,0,0,4.146,0,1,0,1
56,0,11,0,3,0,0,0,0,0,3.967,0,1,0,1
75,6,12,0,2,0,0,0,0,0,4.576,1,2,0,1
40,3,6,0,1,0,0,0,0,0,4.025,0,0,0,1
36,0,7,0,1,0,0,0,0,0,4.049,0,0,0,1
127,24,18,0,3,1,0,0,0,0,4.884,1,2,0,1
21,1,6,0,0,0,0,0,0,0,3.726,0,1,0,1
35,0,5,0,1,0,0,0,0,0,3.94,0,0,0,1
40,8,7,0,1,1,0,0,0,0,4.384,0,1,0,1
51,1,10,0,1,0,0,0,0,0,4.192,0,2,0,1
72,1,11,0,1,0,0,0,0,0,4.529,0,3,0,1
24,0,6,0,1,1,0,0,0,0,3.741,0,0,0,1
71,2,15,0,1,0,0,0,0,0,4.549,0,3,0,1
55,2,9,0,1,0,0,0,0,0,4.347,1,2,0,1
120,8,15,0,1,1,0,0,0,0,4.835,1,2,0,1
99,1,19,0,2,0,0,0,0,0,4.71,0,4,0,1
56,8,9,0,0,1,0,0,0,0,5.03,0,2,0,1
60,1,12,0,3,0,0,0,0,0,4.317,0,4,0,1
42,2,8,0,1,0,0,0,0,0,4.368,0,1,0,1
238,46,28,0,1,0,0,0,0,0,5.033,0,9,0,1
183,15,36,0,1,0,0,0,0,0,4.993,0,1,0,1
246,0,49,0,1,1,0,0,0,0,4.163,0,1,0,1
34,0,10,0,1,1,0,0,0,0,4.271,0,0,0,1
54,0,11,0,1,1,0,0,0,0,4.165,1,3,0,1
55,0,8,0,1,0,0,0,0,0,4.143,0,2,0,1
53,0,9,0,1,0,0,0,0,0,4.359,0,2,0,1
33,0,5,0,1,0,0,0,0,0,3.859,0,0,0,1
25,0,7,0,2,0,0,0,0,0,3.803,0,0,0,1
36,0,6,0,1,0,0,0,0,0,3.894,0,0,0,1
93,0,14,0,1,0,0,0,0,0,4.402,0,1,0,1
29,0,6,0,0,1,0,0,0,0,3.797,0,1,0,1
40,0,7,0,1,0,0,0,0,0,3.956,0,1,0,1
163,41,12,0,0,1,0,0,0,0,5.329,1,5,0,1
27,0,6,0,1,0,0,0,0,0,3.68,0,0,0,1
58,6,11,0,3,0,0,0,0,0,4.373,1,1,0,1
60,3,12,0,1,1,0,0,0,0,3.945,0,5,0,1
77,25,7,0,0,0,0,0,0,0,4.662,0,3,0,1
43,0,6,0,1,0,0,0,0,0,4.045,0,1,0,1
47,5,7,0,0,1,0,0,0,0,4.738,0,2,0,1
17,1,4,0,0,0,0,0,0,0,3.455,0,0,0,1
37,13,8,0,3,1,0,0,0,0,4.446,0,0,0,1
24,0,7,0,1,1,0,0,0,0,3.824,0,0,0,1
22,0,6,0,1,1,0,0,0,0,3.754,0,0,0,1
51,0,9,0,1,0,0,0,0,0,4.356,0,2,0,1
66,17,11,0,4,0,0,0,0,0,4.516,0,2,0,1
27,0,6,0,1,1,0,0,0,0,3.606,0,0,0,1
30,0,9,0,1,0,0,0,0,0,3.695,0,2,0,1
52,0,10,0,1,1,0,0,0,0,4.106,0,1,0,1
25,0,6,0,1,0,0,0,0,0,3.623,0,0,0,1
32,0,6,0,1,1,0,0,0,0,3.851,0,0,0,1
136,13,17,0,1,1,0,0,0,0,5.106,0,5,0,1
31,0,6,0,1,0,0,0,0,0,3.8,0,0,0,1
31,0,7,0,2,1,0,0,0,0,4.236,0,0,0,1
51,0,9,0,0,0,0,0,0,0,4.146,0,3,0,1
163,26,16,0,4,0,1,0,0,0,5.431,1,7,0,1
31,0,7,0,1,1,0,0,0,0,3.913,0,1,0,1
266,36,14,0,1,0,0,0,0,0,5.893,0,2,0,1
61,9,9,0,2,0,0,0,0,0,4.505,1,1,0,1
41,0,8,0,1,0,0,0,0,0,4.12,0,2,0,1
54,0,9,0,1,0,0,0,0,0,3.898,0,3,0,1
31,0,6,0,1,1,0,0,0,0,4.067,0,0,0,1
91,7,12,0,0,0,0,0,0,0,4.543,0,3,0,1
53,1,14,0,0,1,0,0,0,0,4.765,0,5,0,1
83,17,14,0,3,1,0,0,0,0,4.732,0,2,0,1
76,16,14,0,2,0,0,0,0,0,4.634,0,5,0,1
71,0,11,0,0,0,0,0,0,0,4.058,1,6,0,1
45,0,9,0,1,1,0,0,0,0,4.099,1,0,0,1
34,0,7,0,1,0,0,0,0,0,4.124,0,0,0,1
28,1,7,0,0,0,0,0,0,0,3.696,0,2,0,1
55,3,11,0,3,1,0,0,0,0,4.274,0,1,0,1
30,0,5,0,1,1,0,0,0,0,3.923,0,0,0,1
23,0,5,0,0,1,0,0,0,0,3.762,0,0,0,1
23,0,6,0,1,0,0,0,0,0,3.729,0,0,0,1
33,0,8,0,1,0,0,0,0,0,3.798,0,2,0,1
68,16,7,0,1,1,0,0,0,0,4.655,0,2,0,1
45,0,8,0,0,0,0,0,0,0,4.002,0,3,0,1
53,4,9,0,1,0,0,0,0,0,4.284,0,4,0,1
118,24,18,0,3,1,0,0,0,0,4.751,1,2,0,1
74,0,14,0,0,0,0,0,0,0,4.236,1,4,0,1
49,2,8,0,0,1,0,0,0,0,4.234,0,2,0,1
115,8,18,0,1,1,0,0,0,0,4.456,0,4,0,1
41,0,9,0,1,1,0,0,0,0,4.257,0,2,0,1
18,0,4,0,0,1,0,0,0,0,3.572,1,0,0,0
24,0,5,0,0,1,0,0,0,0,3.689,0,0,0,0
21,0,4,0,0,1,0,0,0,0,3.559,1,0,0,0
20,0,4,0,0,1,0,0,0,0,3.784,0,0,0,0
15,0,4,0,0,1,0,0,0,0,3.64,0,0,0,0
22,0,4,0,0,1,0,0,0,0,4.005,0,0,0,0
22,0,4,0,0,1,0,0,0,0,3.789,1,0,0,0
17,0,4,0,0,1,0,0,0,0,3.572,0,0,0,0
19,0,4,0,0,1,0,0,0,0,3.682,0,0,0,0
21,0,4,0,0,1,0,0,0,0,3.69,1,0,0,0
21,0,4,0,0,1,0,0,0,0,3.785,0,0,0,0
15,0,4,0,0,1,0,0,0,0,3.64,0,0,0,0
19,0,4,0,0,1,0,0,0,0,3.511,0,0,0,0
18,0,4,0,0,1,0,0,0,0,3.614,0,0,0,0
18,0,4,0,0,1,0,0,0,0,3.53,0,0,0,0
19,0,4,0,0,1,0,0,0,0,3.532,0,0,0,0
23,0,4,0,0,1,0,0,0,0,3.828,1,0,0,0
16,0,4,0,0,1,0,0,0,0,3.75,0,0,0,0
20,0,4,0,0,1,0,0,0,0,3.922,0,0,0,0
17,0,4,0,0,1,0,0,0,0,3.572,0,0,0,0
28,0,4,0,0,1,0,0,0,0,3.798,1,0,0,0
18,0,4,0,0,1,0,0,0,0,3.461,0,0,0,0
22,0,4,0,0,1,0,0,0,0,3.72,0,0,0,0
18,0,4,0,0,1,0,0,0,0,3.614,1,0,0,0
19,0,4,0,0,1,0,0,0,0,3.722,0,0,0,0
27,0,4,0,0,1,0,0,0,0,3.838,1,0,0,0
17,0,4,0,0,1,0,0,0,0,3.852,0,0,0,0
25,0,4,0,0,1,0,0,0,0,3.974,0,0,0,0
21,0,4,0,0,1,0,0,0,0,3.88,0,0,0,0
29,0,4,0,0,1,0,0,0,0,3.797,1,0,0,0
18,0,4,0,0,1,0,0,0,0,3.684,0,0,0,0
23,0,4,0,0,1,0,0,0,0,3.969,0,0,0,0
25,0,4,0,0,1,0,0,0,0,3.814,0,0,0,0
16,0,4,0,0,1,0,0,0,0,3.75,0,0,0,0
19,0,4,0,0,1,0,0,0,0,3.892,0,0,0,0
20,0,4,0,0,1,0,0,0,0,3.284,0,0,0,0
20,0,4,0,0,1,0,0,0,0,3.784,0,0,0,0
16,1,4,0,0,1,0,0,0,0,3.625,0,0,0,0
18,0,4,0,0,1,0,0,0,0,3.503,0,0,0,0
21,0,5,0,0,1,0,0,0,0,3.559,0,0,0,0
21,0,4,0,0,1,0,0,0,0,3.559,0,0,0,0
19,0,4,0,0,1,0,0,0,0,3.722,0,0,0,0
18,0,4,0,0,1,0,0,0,0,3.572,0,0,0,0
24,0,4,0,0,1,0,0,0,0,4.022,0,0,0,0
16,0,4,0,0,1,0,0,0,0,3.453,0,0,0,0
21,0,4,0,0,1,0,0,0,0,3.63,0,0,0,0
18,0,4,0,0,1,0,0,0,0,3.725,0,0,0,0
22,0,4,0,0,1,0,0,0,0,3.789,0,0,0,0
26,0,4,0,0,1,0,0,0,0,3.825,0,0,0,0
16,0,4,0,0,1,0,0,0,0,3.328,0,0,0,0
16,0,4,0,0,1,0,0,0,0,3.453,0,0,0,0
17,0,4,0,0,1,0,0,0,0,3.455,0,0,0,0
20,0,4,0,0,1,0,0,0,0,3.446,0,0,0,0
19,0,4,0,0,1,0,0,0,0,3.577,0,0,0,0
29,0,4,0,0,1,0,0,0,0,4.004,1,0,0,0
14,0,4,0,0,1,0,0,0,0,3.236,0,0,0,0
17,0,4,0,0,1,0,0,0,0,3.617,0,0,0,0
13,0,4,0,0,1,0,0,0,0,3.393,0,0,0,0
15,0,4,0,0,1,0,0,0,0,3.374,0,0,0,0
22,0,4,0,0,1,0,0,0,0,3.823,0,0,0,0
19,0,4,0,0,1,0,0,0,0,3.577,0,0,0,0
17,0,4,0,0,1,0,0,0,0,3.572,0,0,0,0
15,0,4,0,0,1,0,0,0,0,3.323,0,0,0,0
18,0,5,0,0,1,0,0,0,0,3.572,0,0,0,0
18,0,4,0,0,1,0,0,0,0,3.392,0,0,0,0
17,0,4,0,0,1,0,0,0,0,3.617,0,0,0,0
21,0,4,0,0,1,0,0,0,0,3.63,0,0,0,0
17,0,4,0,0,1,0,0,0,0,3.735,0,0,0,0
18,0,4,0,0,1,0,0,0,0,3.684,0,0,0,0
22,0,4,0,0,1,0,0,0,0,3.971,0,0,0,0
16,1,4,0,0,1,0,0,0,0,3.578,0,0,0,0
19,0,4,0,0,1,0,0,0,0,3.511,0,0,0,0
16,1,4,0,0,1,0,0,0,0,3.578,0,0,0,0
18,0,4,0,0,1,0,0,0,0,3.572,0,0,0,0
25,0,4,0,0,1,0,0,0,0,3.924,1,0,0,0
17,0,4,0,0,1,0,0,0,0,3.572,0,0,0,0
14,0,4,0,0,1,0,0,0,0,3.522,0,0,0,0
13,0,4,0,0,1,0,0,0,0,3.393,0,0,0,0
14,0,4,0,0,1,0,0,0,0,3.379,0,0,0,0
15,0,4,0,0,1,0,0,0,0,3.374,0,0,0,0
28,0,5,0,0,1,0,0,0,0,4.039,1,0,0,0
21,3,4,0,0,1,0,0,0,0,3.916,0,0,0,0
19,0,4,0,0,1,0,0,0,0,3.471,0,0,0,0
17,0,4,0,0,1,0,0,0,0,3.617,0,0,0,0
26,0,5,0,0,1,0,0,0,0,4.162,0,0,0,0
17,0,4,0,0,1,0,0,0,0,3.617,0,0,0,0
20,0,5,0,0,1,0,0,0,0,3.484,0,0,0,0
17,0,4,0,0,1,0,0,0,0,3.852,0,0,0,0
19,0,4,0,0,1,0,0,0,0,3.682,0,0,0,0
24,0,5,0,0,1,0,0,0,0,3.491,0,0,0,0
21,0,5,0,0,1,0,0,0,0,3.749,0,0,0,0
14,0,4,0,0,1,0,0,0,0,3.325,0,0,0,0
17,0,4,0,0,1,0,0,0,0,3.852,0,0,0,0
21,0,4,0,0,1,0,0,0,0,3.44,0,0,0,0
20,0,4,0,0,1,0,0,0,0,3.922,0,0,0,0
17,0,4,0,0,1,0,0,0,0,3.735,0,0,0,0
21,0,4,0,0,1,0,0,0,0,3.69,0,0,0,0
16,0,4,0,0,1,0,0,0,0,3.75,0,0,0,0
14,0,4,0,0,1,0,0,0,0,3.522,0,0,0,0
19,1,4,0,0,1,0,0,0,0,3.892,0,0,0,0
17,0,4,0,0,1,0,0,0,0,3.572,0,0,0,0
19,0,4,0,0,1,0,0,0,0,3.722,0,0,0,0
19,0,4,0,0,1,0,0,0,0,3.827,0,0,0,0
18,0,4,0,0,1,0,0,0,0,3.684,0,0,0,0
15,1,4,0,0,1,0,0,0,0,3.64,0,0,0,0
18,0,4,0,0,1,0,0,0,0,3.503,0,0,0,0
28,0,4,0,0,1,0,0,0,0,4.012,1,0,0,0
24,0,4,0,0,1,0,0,0,0,3.887,0,0,0,0
14,0,4,0,0,1,0,0,0,0,3.522,0,0,0,0
20,0,4,0,0,1,0,0,0,0,3.546,0,0,0,0
18,0,4,0,0,1,0,0,0,0,3.614,0,0,0,0
12,0,4,0,0,1,0,0,0,0,3.022,0,0,0,0
17,0,4,0,0,1,0,0,0,0,3.499,0,0,0,0
20,0,4,0,0,1,0,0,0,0,3.484,0,0,0,0
28,0,5,0,0,1,0,0,0,0,4.182,0,0,0,0
21,0,4,0,0,1,0,0,0,0,3.726,0,0,0,0
18,0,4,0,0,1,0,0,0,0,3.614,1,0,0,0
18,0,4,0,0,1,0,0,0,0,3.725,0,0,0,0
18,0,4,0,0,1,0,0,0,0,3.572,1,0,0,0
27,0,5,0,0,1,0,0,0,0,3.828,0,0,0,0
27,0,5,0,0,1,0,0,0,0,3.902,1,0,0,0
17,0,4,0,0,1,0,0,0,0,3.455,0,0,0,0
18,0,4,0,0,1,0,0,0,0,3.614,0,0,0,0
23,0,4,0,0,1,0,0,0,0,3.849,1,0,0,0
20,0,4,0,0,1,0,0,0,0,3.646,0,0,0,0
19,0,4,0,0,1,0,0,0,0,3.682,0,0,0,0
18,0,4,0,0,1,0,0,0,0,3.837,1,0,0,0
19,0,4,0,0,1,0,0,0,0,3.471,0,0,0,0
23,0,4,0,0,1,0,0,0,0,3.969,1,0,0,0
16,0,4,0,0,1,0,0,0,0,3.375,0,0,0,0
23,0,4,0,0,1,0,0,0,0,3.447,0,0,0,0
22,0,5,0,0,1,0,0,0,0,3.845,0,0,0,0
19,0,4,0,0,1,0,0,0,0,3.932,0,0,0,0
20,0,4,0,0,1,0,0,0,0,3.546,0,0,0,0
18,0,4,0,0,1,0,0,0,0,3.614,0,0,0,0
18,0,4,0,0,1,0,0,0,0,3.572,0,0,0,0
34,0,6,0,0,1,0,0,0,0,4.057,0,0,0,0
18,0,4,0,0,1,0,0,0,0,3.503,0,0,0,0
15,0,4,0,0,1,0,0,0,0,3.24,0,0,0,0
20,0,4,0,0,1,0,0,0,0,3.784,0,0,0,0
14,1,4,0,0,1,0,0,0,0,3.522,0,0,0,0
15,0,4,0,0,1,0,0,0,0,3.507,0,0,0,0
19,0,4,0,0,1,0,0,0,0,3.827,0,0,0,0
17,0,5,0,0,1,0,0,0,0,3.572,0,0,0,0
17,0,4,0,0,1,0,0,0,0,3.735,0,0,0,0
29,0,5,0,0,1,0,0,0,0,3.785,0,0,0,0
19,0,5,0,1,1,0,0,0,0,3.682,0,0,0,0
20,0,4,0,0,1,0,0,0,0,3.684,0,0,0,0
18,0,4,0,0,1,0,0,0,0,3.684,0,0,0,0
21,0,4,0,0,1,0,0,0,0,3.785,0,0,0,0
17,0,4,0,0,1,0,0,0,0,3.337,0,0,0,0
27,0,4,0,0,1,0,0,0,0,3.458,0,0,0,0
19,0,4,0,0,1,0,0,0,0,3.682,0,0,0,0
17,2,4,0,0,1,0,0,0,0,3.735,0,0,0,0
22,0,5,0,0,1,0,0,0,0,3.629,0,0,0,0
24,0,5,0,0,1,0,0,0,0,3.835,0,0,0,0
23,1,4,0,0,1,0,0,0,0,3.762,0,0,0,0
14,0,4,0,0,1,0,0,0,0,3.379,0,0,0,0
20,0,4,0,0,1,0,0,0,0,3.922,0,0,0,0
23,0,5,0,0,1,0,0,0,0,3.729,0,0,0,0
22,0,4,0,0,1,0,0,0,0,3.789,0,0,0,0
15,0,4,0,0,1,0,0,0,0,3.507,0,0,0,0
18,0,4,0,0,1,0,0,0,0,3.53,0,0,0,0
17,0,4,0,0,1,0,0,0,0,3.455,0,0,0,0
22,0,4,0,0,1,0,0,0,0,3.607,0,0,0,0
19,0,4,0,0,1,0,0,0,0,3.616,0,0,0,0
25,0,6,0,0,1,0,0,0,0,3.833,0,0,0,0
18,0,4,0,0,1,0,0,0,0,3.837,0,0,0,0
19,0,4,0,0,1,0,0,0,0,3.616,0,0,0,0
19,0,4,0,0,1,0,0,0,0,3.406,0,0,0,0
21,0,5,0,0,1,0,0,0,0,3.88,0,0,0,0
18,0,4,0,0,1,0,0,0,0,3.419,0,0,0,0
17,0,4,0,0,1,0,0,0,0,3.735,0,0,0,0
22,0,4,0,0,1,0,0,0,0,3.698,0,0,0,0
16,1,4,0,0,1,0,0,0,0,3.625,0,0,0,0
16,0,4,0,0,1,0,0,0,0,3.453,0,0,0,0
19,0,4,0,0,1,0,0,0,0,3.682,0,0,0,0
16,0,4,0,0,1,0,0,0,0,3.625,0,0,0,0
19,0,4,0,0,1,0,0,0,0,3.827,0,0,0,0
17,0,4,0,0,1,0,0,0,0,3.735,0,0,0,0
26,0,4,0,0,1,0,0,0,0,3.921,0,0,0,0
24,0,4,0,0,1,0,0,0,0,3.855,0,0,0,0
18,0,4,0,0,1,0,0,0,0,3.684,0,0,0,0
18,0,4,0,0,1,0,0,0,0,3.948,0,0,0,0
19,0,4,0,0,1,0,0,0,0,3.787,0,0,0,0
15,0,4,0,0,1,0,0,0,0,3.374,0,0,0,0
14,1,4,0,0,1,0,0,0,0,3.522,0,0,0,0
17,0,4,0,0,1,0,0,0,0,3.455,0,0,0,0
18,0,4,0,0,1,0,0,0,0,3.725,0,0,0,0
19,0,4,0,0,1,0,0,0,0,3.722,0,0,0,0
25,0,4,0,0,1,0,0,0,0,3.734,0,0,0,0
16,0,4,0,0,1,0,0,0,0,3.5,0,0,0,0
19,0,4,0,0,1,0,0,0,0,3.537,0,0,0,0
23,0,4,0,0,1,0,0,0,0,4.056,0,0,0,0
18,1,4,0,0,1,0,0,0,0,3.503,0,0,0,0
14,0,4,0,0,1,0,0,0,0,3.182,0,0,0,0
23,0,4,0,0,1,0,0,0,0,3.584,0,0,0,0
18,0,4,0,0,1,0,0,0,0,3.572,0,0,0,0
17,0,4,0,0,1,0,0,0,0,3.735,0,0,0,0
27,0,4,0,0,1,0,0,0,0,3.958,0,0,0,0
21,0,4,0,0,1,0,0,0,0,3.749,0,0,0,0
18,0,4,0,0,1,0,0,0,0,3.725,0,0,0,0
20,0,4,0,0,1,0,0,0,0,3.684,0,0,0,0
31,0,4,0,0,1,0,0,0,0,4.156,1,0,0,0
12,0,4,0,0,1,0,0,0,0,3.022,0,0,0,0
17,0,4,0,0,1,0,0,0,0,3.169,0,0,0,0
21,0,4,0,0,1,0,0,0,0,3.69,0,0,0,0
22,0,4,0,0,1,0,0,0,0,3.789,0,0,0,0
15,0,4,0,0,1,0,0,0,0,3.507,0,0,0,0
15,0,4,0,0,1,0,0,0,0,3.374,0,0,0,0
19,0,4,0,0,1,0,0,0,0,3.722,0,0,0,0
17,0,5,0,1,1,0,0,0,0,3.499,0,0,0,0
23,0,4,0,0,1,0,0,0,0,3.762,0,0,0,0
22,0,4,0,0,1,0,0,0,0,3.789,0,0,0,0
25,0,4,0,0,1,0,0,0,0,3.703,0,0,0,0
19,0,4,0,0,1,0,0,0,0,3.827,0,0,0,0
17,0,4,0,0,1,0,0,0,0,3.735,0,0,0,0
18,0,4,0,0,1,0,0,0,0,3.725,0,0,0,0
24,0,4,0,0,1,0,0,0,0,3.502,0,0,0,0
18,0,4,0,0,1,0,0,0,0,3.53,0,0,0,0
15,0,4,0,0,1,0,0,0,0,3.457,0,0,0,0
18,0,4,0,0,1,0,0,0,0,3.572,0,0,0,0
21,0,5,0,0,1,0,0,0,0,3.654,0,0,0,0
19,0,4,0,0,1,0,0,0,0,3.682,0,0,0,0
19,0,4,0,0,1,0,0,0,0,3.827,0,0,0,0
17,0,4,0,0,1,0,0,0,0,3.617,0,0,0,0
18,0,4,0,0,1,0,0,0,0,3.461,0,0,0,0
15,0,4,0,0,1,0,0,0,0,3.507,0,0,0,0
16,0,4,0,0,1,0,0,0,0,3.625,0,0,0,0
17,0,4,0,0,1,0,0,0,0,3.572,0,0,0,0
16,0,4,0,0,1,0,0,0,0,3.75,0,0,0,0
21,0,4,0,0,1,0,0,0,0,3.749,0,0,0,0
19,0,4,0,0,1,0,0,0,0,3.511,0,0,0,0
16,0,4,0,0,1,0,0,0,0,3.625,0,0,0,0
17,0,4,0,0,1,0,0,0,0,3.337,0,0,0,0
18,0,4,0,0,1,0,0,0,0,3.725,0,0,0,0
28,0,5,0,0,1,0,0,0,0,3.937,0,0,0,0
18,0,4,0,0,1,0,0,0,0,3.419,0,0,0,0
22,0,4,0,0,1,0,0,0,0,3.88,0,0,0,0
29,0,4,0,0,1,0,0,0,0,3.634,0,0,0,0
19,0,4,0,0,1,0,0,0,0,3.787,0,0,0,0
19,0,4,0,0,1,0,0,0,0,3.577,0,0,0,0
23,0,4,0,0,1,0,0,0,0,3.795,0,0,0,0
22,0,4,0,0,1,0,0,0,0,4.061,0,0,0,0
18,0,4,0,0,1,0,0,0,0,3.837,0,0,0,0
24,0,4,0,0,1,0,0,0,0,3.57,1,0,0,0
19,0,4,0,0,1,0,0,0,0,3.682,0,0,0,0
22,0,5,0,0,1,0,0,0,0,3.845,0,0,0,0
17,0,4,0,0,1,0,0,0,0,3.572,0,0,0,0
20,0,4,0,0,1,0,0,0,0,3.822,0,0,0,0
17,0,4,0,0,1,0,0,0,0,3.169,0,0,0,0
19,0,4,0,0,1,0,0,0,0,3.471,0,0,0,0
15,0,4,0,0,1,0,0,0,0,3.323,0,0,0,0
18,0,4,0,0,1,0,0,0,0,3.948,0,0,0,0
18,0,4,0,0,1,0,0,0,0,3.614,0,0,0,0
22,0,4,0,0,1,0,0,0,0,3.971,0,0,0,0
18,0,4,0,0,1,0,0,0,0,3.614,0,0,0,0
19,0,4,0,0,1,0,0,0,0,3.827,0,0,0,0
19,0,5,0,0,1,0,0,0,0,3.511,0,0,0,0
23,0,5,0,0,1,0,0,0,0,4.089,0,0,0,0
14,0,4,0,0,1,0,0,0,0,3.236,0,0,0,0
19,0,4,0,0,1,0,0,0,0,3.616,0,0,0,0
18,0,4,0,0,1,0,0,0,0,3.572,0,0,0,0
21,0,4,0,0,1,0,0,0,0,3.69,0,0,0,0
24,0,4,0,0,1,0,0,0,0,4.252,1,0,0,0
17,0,4,0,0,1,0,0,0,0,3.617,0,0,0,0
19,0,4,0,0,1,0,0,0,0,3.722,0,0,0,0
16,0,4,0,0,1,0,0,0,0,3.75,0,0,0,0
19,0,4,0,0,1,0,0,0,0,3.892,0,0,0,0
21,0,4,0,0,1,0,0,0,0,3.975,0,0,0,0
19,0,4,0,0,1,0,0,0,0,3.577,0,0,0,0
15,0,4,0,0,1,0,0,0,0,3.507,0,0,0,0
24,0,4,0,0,1,0,0,0,0,3.887,0,0,0,0
21,0,4,0,0,1,0,0,0,0,3.88,0,0,0,0
24,0,5,0,0,1,0,0,0,0,3.939,1,0,0,0
20,0,4,0,0,1,0,0,0,0,3.684,0,0,0,0
14,0,4,0,0,1,0,0,0,0,3.522,0,0,0,0
22,0,4,0,0,1,0,0,0,0,3.698,0,0,0,0
18,0,4,0,0,1,0,0,0,0,3.725,0,0,0,0
23,0,5,0,0,1,0,0,0,0,4.056,0,0,0,0
23,0,4,0,0,1,0,0,0,0,3.795,0,0,0,0
20,0,5,0,1,1,0,0,0,0,3.822,1,0,0,0
17,0,4,0,0,1,0,0,0,0,3.337,0,0,0,0
13,0,4,0,0,1,0,0,0,0,3.393,0,0,0,0
21,0,4,0,0,1,0,0,0,0,3.523,0,0,0,0
22,0,4,0,0,1,0,0,0,0,3.607,1,0,0,0
24,0,4,0,0,1,0,0,0,0,3.887,0,0,0,0
20,0,4,0,0,1,0,0,0,0,3.522,0,0,0,0
19,0,4,0,0,1,0,0,0,0,3.577,0,0,0,0
21,0,4,0,0,1,0,0,0,0,3.559,0,0,0,0
20,0,4,0,0,1,0,0,0,0,3.822,0,0,0,0
19,0,4,0,0,1,0,0,0,0,3.682,0,0,0,0
23,0,4,0,0,1,0,0,0,0,3.654,0,0,0,0
18,0,5,0,1,1,0,0,0,0,3.572,0,0,0,0
15,0,4,0,0,1,0,0,0,0,3.507,0,0,0,0
25,0,5,0,0,1,0,0,0,0,3.943,0,0,0,0
22,0,4,0,0,1,0,0,0,0,3.754,0,0,0,0
24,0,4,0,0,1,0,0,0,0,3.772,0,0,0,0
17,0,4,0,0,1,0,0,0,0,3.572,0,0,0,0
17,1,4,0,0,1,0,0,0,0,3.69,0,0,0,0
16,0,4,0,0,1,0,0,0,0,3.453,0,0,0,0
20,0,5,0,0,1,0,0,0,0,3.922,0,0,0,0
18,0,4,0,0,1,0,0,0,0,3.572,0,0,0,0
20,0,4,0,0,1,0,0,0,0,3.784,0,0,0,0
20,0,4,0,0,1,0,0,0,0,3.584,0,0,0,0
14,0,4,0,0,1,0,0,0,0,3.379,0,0,0,0
19,0,4,0,0,1,0,0,0,0,3.827,0,0,0,0
15,0,4,0,0,1,0,0,0,0,3.006,0,0,0,0
20,0,4,0,0,1,0,0,0,0,3.522,0,0,0,0
26,0,5,0,0,1,0,0,0,0,4.008,0,0,0,0
19,0,4,0,0,1,0,0,0,0,3.616,0,0,0,0
21,0,4,0,0,1,0,0,0,0,3.785,0,0,0,0
21,0,4,0,0,1,0,0,0,0,3.916,0,0,0,0
17,0,4,0,0,1,0,0,0,0,3.617,0,0,0,0
23,0,4,0,0,1,0,0,0,0,4.143,0,0,0,0
18,0,4,0,0,1,0,0,0,0,3.795,0,0,0,0
18,0,4,0,0,1,0,0,0,0,3.948,0,0,0,0
17,0,4,0,0,1,0,0,0,0,3.852,0,0,0,0
23,0,4,0,0,1,0,0,0,0,3.729,0,0,0,0
17,0,4,0,0,1,0,0,0,0,3.455,0,0,0,0
18,0,4,0,0,1,0,0,0,0,3.837,0,0,0,0
30,0,4,0,0,1,0,0,0,0,4.19,0,0,0,0
18,0,4,0,0,1,0,0,0,0,3.837,0,0,0,0
24,0,4,0,0,1,0,0,0,0,4.085,0,0,0,0
21,0,4,0,0,1,0,0,0,0,3.821,0,0,0,0
20,0,4,0,0,1,0,0,0,0,3.784,0,0,0,0
18,0,4,0,0,1,0,0,0,0,3.684,0,0,0,0
25,0,4,0,0,1,0,0,0,0,3.753,0,0,0,0
17,0,4,0,0,1,0,0,0,0,3.735,0,0,0,0
14,0,4,0,0,1,0,0,0,0,3.379,0,0,0,0
19,0,4,0,0,1,0,0,0,0,3.932,0,0,0,0
26,0,4,0,0,1,0,0,0,0,3.719,0,0,0,0
22,0,4,0,0,1,0,0,0,0,3.664,0,0,0,0
20,0,4,0,0,1,0,0,0,0,3.822,0,0,0,0
15,0,4,0,0,1,0,0,0,0,3.507,0,0,0,0
20,0,4,0,0,1,0,0,0,0,3.646,0,0,0,0
19,0,4,0,0,1,0,0,0,0,3.511,0,0,0,0
18,0,4,0,0,1,0,0,0,0,3.684,0,0,0,0
18,0,4,0,0,1,0,0,0,0,3.392,0,0,0,0
15,0,4,0,0,1,0,0,0,0,3.507,0,0,0,0
21,0,4,0,0,1,0,0,0,0,3.63,0,0,0,0
25,0,5,0,0,1,0,0,0,0,4.023,0,0,0,0
19,0,4,0,0,1,0,0,0,0,3.932,0,0,0,0
20,0,4,0,0,1,0,0,0,0,3.722,0,0,0,0
14,0,4,0,0,1,0,0,0,0,3.522,0,0,0,0
14,0,4,0,0,1,0,0,0,0,3.379,0,0,0,0
17,0,4,0,0,1,0,0,0,0,3.852,0,0,0,0
23,0,5,0,1,1,0,0,0,0,4.002,0,0,0,0
20,0,4,0,0,1,0,0,0,0,3.784,0,0,0,0
32,0,4,0,0,1,0,0,0,0,3.89,0,0,0,0
21,0,4,0,0,1,0,0,0,0,3.785,0,0,0,0
18,0,5,0,0,1,0,0,0,0,3.461,0,0,0,0
22,0,5,0,0,1,0,0,0,0,3.754,0,0,0,0
32,0,4,0,0,1,0,0,0,0,3.825,0,0,0,0
20,0,4,0,0,1,0,0,0,0,3.922,0,0,0,0
18,0,4,0,0,1,0,0,0,0,3.948,0,0,0,0
13,0,4,0,0,1,0,0,0,0,3.393,0,0,0,0
19,0,4,0,0,1,0,0,0,0,3.682,0,0,0,0
16,1,4,0,0,1,0,0,0,0,3.75,0,0,0,0
16,0,4,0,0,1,0,0,0,0,3.625,0,0,0,0
23,0,5,0,1,1,0,0,0,0,3.882,0,0,0,0
20,0,4,0,0,1,0,0,0,0,3.784,0,0,0,0
18,0,4,0,0,1,0,0,0,0,3.837,0,0,0,0
18,0,4,0,0,1,0,0,0,0,3.725,0,0,0,0
15,0,4,0,0,1,0,0,0,0,3.507,0,0,0,0
23,0,4,0,0,1,0,0,0,0,3.849,0,0,0,0
18,0,4,0,0,1,0,0,0,0,3.572,0,0,0,0
19,0,5,0,0,1,0,0,0,0,3.787,0,0,0,0
20,0,4,0,0,1,0,0,0,0,3.784,0,0,0,0
20,0,4,0,0,1,0,0,0,0,3.784,0,0,0,0
25,0,4,0,0,1,0,0,0,0,4.084,0,0,0,0
21,1,4,0,0,1,0,0,0,0,3.88,0,0,0,0
20,0,4,0,0,1,0,0,0,0,3.884,0,0,0,0
24,0,5,0,0,1,0,0,0,0,3.939,0,0,0,0
19,0,4,0,0,1,0,0,0,0,3.722,0,0,0,0
15,0,4,0,0,1,0,0,0,0,3.374,0,0,0,0
16,0,4,0,0,1,0,0,0,0,3.5,0,0,0,0
27,0,4,0,0,1,0,0,0,0,3.764,0,0,0,0
22,0,4,0,0,1,0,0,0,0,3.88,0,0,0,0
17,0,5,0,0,1,0,0,0,0,3.617,0,0,0,0
20,0,4,0,0,1,0,0,0,0,3.784,0,0,0,0
17,0,4,0,0,1,0,0,0,0,3.499,0,0,0,0
21,0,4,0,0,1,0,0,0,0,3.975,0,0,0,0
16,0,4,0,0,1,0,0,0,0,3.453,0,0,0,0
16,0,4,0,0,1,0,0,0,0,3.625,0,0,0,0
20,0,4,0,0,1,0,0,0,0,3.822,0,0,0,0
17,0,4,0,0,1,0,0,0,0,3.617,0,0,0,0
21,0,4,0,0,1,0,0,0,0,3.785,0,0,0,0
19,0,4,0,0,1,0,0,0,0,3.827,0,0,0,0
22,0,4,0,0,1,0,0,0,0,3.88,0,0,0,0
21,0,4,0,0,1,0,0,0,0,3.368,0,0,0,0
18,0,4,0,0,1,0,0,0,0,3.419,0,0,0,0
20,0,4,0,0,1,0,0,0,0,3.684,0,0,0,0
16,0,4,0,0,1,0,0,0,0,3.5,0,0,0,0
24,0,5,0,0,1,0,0,0,0,3.918,0,0,0,0
17,0,4,0,0,1,0,0,0,0,3.572,0,0,0,0
17,0,4,0,0,1,0,0,0,0,3.572,0,0,0,0
23,0,4,0,0,1,0,0,0,0,3.828,1,0,0,0
26,0,4,0,0,1,0,0,0,0,4.008,0,0,0,0
20,0,4,0,0,1,0,0,0,0,3.684,0,0,0,0
20,0,4,0,0,1,0,0,0,0,3.684,0,0,0,0
18,0,4,0,0,1,0,0,0,0,3.725,0,0,0,0
27,0,4,0,0,1,0,0,0,0,3.852,0,0,0,0
21,0,5,0,1,1,0,0,0,0,3.785,1,0,0,0
22,0,4,0,0,1,0,0,0,0,3.698,0,0,0,0
18,0,4,0,0,1,0,0,0,0,3.837,0,0,0,0
14,0,4,0,0,1,0,0,0,0,3.379,0,0,0,0
25,0,5,0,1,1,0,0,0,0,3.753,0,0,0,0
14,0,4,0,0,1,0,0,0,0,3.182,0,0,0,0
18,0,4,0,0,1,0,0,0,0,3.684,0,0,0,0
20,0,5,0,0,1,0,0,0,0,3.646,0,0,0,0
17,0,4,0,0,1,0,0,0,0,3.735,1,0,0,0
17,0,4,0,0,1,0,0,0,0,3.572,0,0,0,0
19,0,4,0,0,1,0,0,0,0,3.537,0,0,0,0
17,0,4,0,0,1,0,0,0,0,3.572,0,0,0,0
18,0,4,0,0,1,0,0,0,0,3.503,0,0,0,0
22,0,4,0,0,1,0,0,0,0,3.732,0,0,0,0
17,0,4,0,0,1,0,0,0,0,3.735,0,0,0,0
26,0,4,0,0,1,0,0,0,0,3.921,0,0,0,0
18,0,4,0,0,1,0,0,0,0,3.419,0,0,0,0
15,3,4,0,0,1,0,0,0,0,3.64,0,0,0,0
22,0,4,0,0,1,0,0,0,0,3.845,0,0,0,0
27,0,4,0,0,1,0,0,0,0,3.93,0,0,0,0
26,0,4,0,0,1,0,0,0,0,3.777,0,0,0,0
21,0,4,0,0,1,0,0,0,0,3.499,0,0,0,0
18,0,4,0,0,1,0,0,0,0,3.837,0,0,0,0
20,0,4,0,0,1,0,0,0,0,3.304,0,0,0,0
20,0,4,0,0,1,0,0,0,0,3.822,0,0,0,0
20,0,4,0,0,1,0,0,0,0,3.922,0,0,0,0
31,0,4,0,0,1,0,0,0,0,3.91,0,0,0,0
22,0,4,0,0,1,0,0,0,0,3.568,0,0,0,0
15,0,4,0,0,1,0,0,0,0,3.457,0,0,0,0
22,0,4,0,0,1,0,0,0,0,3.629,0,0,0,0
20,0,4,0,0,1,0,0,0,0,3.884,0,0,0,0
17,0,4,0,0,1,0,0,0,0,3.735,0,0,0,0
19,0,4,0,0,1,0,0,0,0,3.827,0,0,0,0
15,0,4,0,0,1,0,0,0,0,3.19,0,0,0,0
17,0,4,0,0,1,0,0,0,0,3.617,0,0,0,0
16,0,4,0,0,1,0,0,0,0,3.453,0,0,0,0
20,0,4,0,0,1,0,0,0,0,3.584,0,0,0,0
21,0,4,0,0,1,0,0,0,0,3.88,0,0,0,0
18,0,4,0,0,1,0,0,0,0,3.837,0,0,0,0
16,0,4,0,0,1,0,0,0,0,3.578,0,0,0,0
15,0,4,0,0,1,0,0,0,0,3.507,0,0,0,0
25,0,4,0,0,1,0,0,0,0,4.054,0,0,0,0
18,0,4,0,0,1,0,0,0,0,3.684,0,0,0,0
19,0,5,0,0,1,0,0,0,0,3.787,0,0,0,0
25,0,5,0,0,1,0,0,0,0,3.783,0,0,0,0
23,0,5,0,0,1,0,0,0,0,3.969,0,0,0,0
19,0,4,0,0,1,0,0,0,0,3.827,0,0,0,0
19,0,4,0,0,1,0,0,0,0,3.682,0,0,0,0
21,0,4,0,0,1,0,0,0,0,3.785,0,0,0,0
20,0,5,0,1,1,0,0,0,0,3.922,0,0,0,0
19,0,4,0,0,1,0,0,0,0,3.932,0,0,0,0
19,0,4,0,0,1,0,0,0,0,3.827,0,0,0,0
20,0,4,0,0,1,0,0,0,0,3.684,0,0,0,0
20,0,4,0,0,1,0,0,0,0,3.922,0,0,0,0
20,0,4,0,0,1,0,0,0,0,3.884,0,0,0,0
15,0,4,0,0,1,0,0,0,0,3.507,0,0,0,0
19,0,4,0,0,1,0,0,0,0,3.787,0,0,0,0
19,0,4,0,0,1,0,0,0,0,3.722,1,0,0,0
20,0,4,0,0,1,0,0,0,0,3.784,0,0,0,0
17,0,4,0,0,1,0,0,0,0,3.617,0,0,0,0
15,0,4,0,0,1,0,0,0,0,3.374,0,0,0,0
19,0,5,0,1,1,0,0,0,0,3.471,0,0,0,0
14,0,4,0,0,1,0,0,0,0,3.236,0,0,0,0
17,2,4,0,0,1,0,0,0,0,3.735,0,0,0,0
18,0,4,0,0,1,0,0,0,0,3.795,0,0,0,0
19,0,4,0,0,1,0,0,0,0,3.932,0,0,0,0
21,0,4,0,0,1,0,0,0,0,3.042,0,0,0,0
22,0,4,0,0,1,0,0,0,0,3.789,0,0,0,0
28,0,4,0,0,1,0,0,0,0,3.896,0,0,0,0
16,0,4,0,0,1,0,0,0,0,3.578,0,0,0,0
19,0,4,0,0,1,0,0,0,0,3.722,0,0,0,0
16,0,4,0,0,1,0,0,0,0,3.625,0,0,0,0
20,0,4,0,0,1,0,0,0,0,3.309,0,0,0,0
21,0,4,0,0,1,0,0,0,0,3.726,0,0,0,0
19,0,4,0,0,1,0,0,0,0,3.537,0,0,0,0
21,0,4,0,0,1,0,0,0,0,3.88,0,0,0,0
18,0,4,0,0,1,0,0,0,0,3.614,0,0,0,0
20,0,4,0,0,1,0,0,0,0,3.546,0,0,0,0
15,0,4,0,0,1,0,0,0,0,3.457,0,0,0,0
17,0,4,0,0,1,0,0,0,0,3.852,0,0,0,0
17,0,4,0,0,1,0,0,0,0,3.617,0,0,0,0
20,0,4,0,0,1,0,0,0,0,4.022,0,0,0,0
18,0,4,0,0,1,0,0,0,0,3.684,0,0,0,0
17,0,4,0,0,1,0,0,0,0,3.735,0,0,0,0
20,0,4,0,0,1,0,0,0,0,3.822,0,0,0,0
17,0,4,0,0,1,0,0,0,0,3.175,0,0,0,0
18,0,5,0,1,1,0,0,0,0,3.725,0,0,0,0
14,0,4,0,0,1,0,0,0,0,3.379,0,0,0,0
17,0,4,0,0,1,0,0,0,0,3.499,1,0,0,0
26,0,5,0,0,1,0,0,0,0,3.873,0,0,0,0
18,0,4,0,0,1,0,0,0,0,3.725,0,0,0,0
16,1,4,0,0,1,0,0,0,0,3.453,0,0,0,0
19,0,4,0,0,1,0,0,0,0,3.471,0,0,0,0
22,0,4,0,0,1,0,0,0,0,3.754,0,0,0,0
19,0,4,0,0,1,0,0,0,0,3.432,0,0,0,0
20,3,4,0,0,1,0,0,0,0,4.122,0,0,0,0
17,0,4,0,0,1,0,0,0,0,3.617,0,0,0,0
15,0,4,0,0,1,0,0,0,0,3.323,0,0,0,0
19,0,4,0,0,1,0,0,0,0,3.827,0,0,0,0
25,0,4,0,0,1,0,0,0,0,4.023,0,0,0,0
26,0,4,0,0,1,0,0,0,0,4.027,0,0,0,0
16,0,4,0,0,1,0,0,0,0,3.375,0,0,0,0
19,0,4,0,0,1,0,0,0,0,3.537,0,0,0,0
16,0,4,0,0,1,0,0,0,0,3.328,0,0,0,0
24,0,4,0,0,1,0,0,0,0,3.855,0,0,0,0
16,0,4,0,0,1,0,0,0,0,3.453,0,0,0,0
19,0,5,0,0,1,0,0,0,0,3.827,0,0,0,0
15,1,4,0,0,1,0,0,0,0,3.507,0,0,0,0
28,0,4,0,0,1,0,0,0,0,3.879,0,0,0,0
14,0,4,0,0,1,0,0,0,0,3.182,0,0,0,0
16,0,4,0,0,1,0,0,0,0,3.328,0,0,0,0
19,0,5,0,0,1,0,0,0,0,3.682,0,0,0,0
19,0,4,0,0,1,0,0,0,0,3.827,0,0,0,0
25,0,5,0,0,1,0,0,0,0,3.639,0,0,0,0
20,0,4,0,0,1,0,0,0,0,3.684,0,0,0,0
14,0,4,0,0,1,0,0,0,0,3.325,0,0,0,0
20,0,4,0,0,1,0,0,0,0,3.684,0,0,0,0
18,0,4,0,0,1,0,0,0,0,3.725,0,0,0,0
18,0,4,0,0,1,0,0,0,0,3.35,0,0,0,0
17,0,4,0,0,1,0,0,0,0,3.293,0,0,0,0
25,0,4,0,0,1,0,0,0,0,4.054,0,0,0,0
22,0,5,0,0,1,0,0,0,0,3.914,0,0,0,0
13,0,4,0,0,1,0,0,0,0,3.393,0,0,0,0
15,0,4,0,0,1,0,0,0,0,3.507,0,0,0,0
20,0,5,0,1,1,0,0,0,0,3.722,1,0,0,0
13,0,4,0,0,1,0,0,0,0,3.393,0,0,0,0
22,0,4,0,0,1,0,0,0,0,3.914,0,0,0,0
21,0,5,0,0,1,0,0,0,0,4.107,0,0,0,0
25,0,5,0,0,1,0,0,0,0,3.894,0,0,0,0
17,0,4,0,0,1,0,0,0,0,3.69,0,0,0,0
21,0,4,0,0,1,0,0,0,0,3.63,0,0,0,0
16,0,4,0,0,1,0,0,0,0,3.453,0,0,0,0
18,0,4,0,0,1,0,0,0,0,3.948,0,0,0,0
17,0,4,0,0,1,0,0,0,0,3.735,0,0,0,0
21,0,5,0,1,1,0,0,0,0,3.69,1,0,0,0
18,0,4,0,0,1,0,0,0,0,3.419,0,0,0,0
23,0,4,0,0,1,0,0,0,0,3.882,0,0,0,0
18,0,4,0,0,1,0,0,0,0,3.684,0,0,0,0
23,0,4,0,0,1,0,0,0,0,3.729,0,0,0,0
32,0,4,0,0,1,0,0,0,0,3.906,0,0,0,0
21,0,4,0,0,1,0,0,0,0,3.88,0,0,0,0
24,0,4,0,0,1,0,0,0,0,3.72,0,0,0,0
16,0,4,0,0,1,0,0,0,0,3.453,0,0,0,0
20,1,5,0,0,1,0,0,0,0,3.922,0,0,0,0
18,0,4,0,0,1,0,0,0,0,3.197,0,0,0,0
22,0,4,0,0,1,0,0,0,0,3.789,0,0,0,0
15,0,4,0,0,1,0,0,0,0,3.323,0,0,0,0
20,0,4,0,0,1,0,0,0,0,3.584,0,0,0,0
18,0,5,0,0,1,0,0,0,0,3.572,0,0,0,0
18,0,4,0,0,1,0,0,0,0,3.572,0,0,0,0
18,0,4,0,0,1,0,0,0,0,3.614,0,0,0,0
15,0,4,0,0,1,0,0,0,0,3.374,0,0,0,0
23,0,4,0,0,1,0,0,0,0,3.795,0,0,0,0
17,0,4,0,0,1,0,0,0,0,3.735,0,0,0,0
19,0,5,0,1,1,0,0,0,0,3.616,0,0,0,0
21,0,4,0,0,1,0,0,0,0,3.63,0,0,0,0
17,0,4,0,0,1,0,0,0,0,3.852,0,0,0,0
16,0,4,0,0,1,0,0,0,0,3.5,0,0,0,0
14,0,4,0,0,1,0,0,0,0,3.522,0,0,0,0
20,0,4,0,0,1,0,0,0,0,3.722,0,0,0,0
15,0,4,0,0,1,0,0,0,0,3.64,0,0,0,0
18,0,4,0,0,1,0,0,0,0,3.614,0,0,0,0
16,1,4,0,0,1,0,0,0,0,3.625,0,0,0,0
23,0,4,0,0,1,0,0,0,0,3.936,0,0,0,0
21,0,5,0,1,1,0,0,0,0,3.88,0,0,0,0
20,0,4,0,0,1,0,0,0,0,3.684,0,0,0,0
23,0,4,0,0,1,0,0,0,0,3.741,0,0,0,0
19,0,4,0,0,1,0,0,0,0,3.827,0,0,0,0
14,0,4,0,0,1,0,0,0,0,3.522,0,0,0,0
22,0,4,0,0,1,0,0,0,0,3.789,0,0,0,0
21,0,4,0,0,1,0,0,0,0,3.618,0,0,0,0
13,0,4,0,0,1,0,0,0,0,3.027,0,0,0,0
15,0,4,0,0,1,0,0,0,0,3.507,0,0,0,0
21,0,4,0,0,1,0,0,0,0,3.69,1,0,0,0
24,0,4,0,0,1,0,0,0,0,3.97,0,0,0,0
19,0,4,0,0,1,0,0,0,0,3.682,0,0,0,0
20,0,4,0,0,1,0,0,0,0,3.622,0,0,0,0
19,3,4,0,0,1,0,0,0,0,3.932,0,0,0,0
21,0,4,0,0,1,0,0,0,0,3.785,0,0,0,0
17,0,4,0,0,1,0,0,0,0,3.735,0,0,0,0
23,0,4,0,0,1,0,0,0,0,3.621,0,0,0,0
21,0,4,0,0,1,0,0,0,0,3.69,0,0,0,0
23,0,4,0,0,1,0,0,0,0,3.708,0,0,0,0
17,0,4,0,0,1,0,0,0,0,3.735,0,0,0,0
16,0,4,0,0,1,0,0,0,0,3.625,0,0,0,0
15,0,4,0,0,1,0,0,0,0,3.24,0,0,0,0
19,0,4,0,0,1,0,0,0,0,3.326,0,0,0,0
19,0,4,0,0,1,0,0,0,0,3.787,0,0,0,0
20,0,4,0,0,1,0,0,0,0,3.922,0,0,0,0
16,0,4,0,0,1,0,0,0,0,3.75,0,0,0,0
20,0,4,0,0,1,0,0,0,0,3.684,0,0,0,0
20,0,4,0,0,1,0,0,0,0,3.646,0,0,0,0
16,0,4,0,0,1,0,0,0,0,3.453,0,0,0,0
23,0,4,0,0,1,0,0,0,0,3.762,0,0,0,0
20,0,5,0,0,1,0,0,0,0,3.646,0,0,0,0
16,0,4,0,0,1,0,0,0,0,3.453,0,0,0,0
14,0,4,0,0,1,0,0,0,0,3.039,0,0,0,0
23,0,4,0,0,1,0,0,0,0,3.795,0,0,0,0
20,0,4,0,0,1,0,0,0,0,3.584,0,0,0,0
29,0,4,0,0,1,0,0,0,0,3.9,1,0,0,0
18,0,4,0,0,1,0,0,0,0,3.725,0,0,0,0
18,0,5,0,1,1,0,0,0,0,3.837,0,0,0,0
23,0,4,0,0,1,0,0,0,0,3.828,0,0,0,0
22,0,4,0,0,1,0,0,0,0,3.516,0,0,0,0
24,0,4,0,0,1,0,0,0,0,4.002,0,0,0,0
22,0,4,0,0,1,0,0,0,0,3.607,0,0,0,0
19,0,4,0,0,1,0,0,0,0,3.722,0,0,0,0
17,0,4,0,0,1,0,0,0,0,3.572,0,0,0,0
17,0,4,0,0,1,0,0,0,0,3.572,0,0,0,0
21,0,5,0,1,1,0,0,0,0,3.63,0,0,0,0
17,0,4,0,0,1,0,0,0,0,3.617,0,0,0,0
22,0,4,0,0,1,0,0,0,0,3.789,0,0,0,0
17,0,4,0,0,1,0,0,0,0,3.735,0,0,0,0
16,0,4,0,0,1,0,0,0,0,3.453,0,0,0,0
20,0,4,0,0,1,0,0,0,0,3.822,0,0,0,0
17,0,4,0,0,1,0,0,0,0,3.852,0,0,0,0
22,0,4,0,0,1,0,0,0,0,3.516,0,0,0,0
19,0,4,0,0,1,0,0,0,0,3.537,0,0,0,0
23,0,4,0,0,1,0,0,0,0,3.762,0,0,0,0
19,0,4,0,0,1,0,0,0,0,3.321,0,0,0,0
23,0,4,0,0,1,0,0,0,0,3.501,0,0,0,0
19,0,4,0,0,1,0,0,0,0,3.827,0,0,0,0
16,0,4,0,0,1,0,0,0,0,3.75,0,0,0,0
19,0,4,0,0,1,0,0,0,0,3.722,0,0,0,0
19,0,4,0,0,1,0,0,0,0,3.682,0,0,0,0
21,0,5,0,0,1,0,0,0,0,3.749,0,0,0,0
18,0,4,0,0,1,0,0,0,0,3.392,0,0,0,0
12,0,4,0,0,1,0,0,0,0,3.252,0,0,0,0
21,0,4,0,0,1,0,0,0,0,3.368,0,0,0,0
17,0,4,0,0,1,0,0,0,0,3.852,0,0,0,0
24,0,4,0,0,1,0,0,0,0,3.57,0,0,0,0
17,0,4,0,0,1,0,0,0,0,3.337,0,0,0,0
17,0,4,0,0,1,0,0,0,0,3.617,0,0,0,0
20,0,4,0,0,1,0,0,0,0,3.922,0,0,0,0
16,0,4,0,0,1,0,0,0,0,3.75,0,0,0,0
20,0,4,0,0,1,0,0,0,0,3.922,0,0,0,0
15,0,4,0,0,1,0,0,0,0,3.457,0,0,0,0
16,0,4,0,0,1,0,0,0,0,3.578,0,0,0,0
17,0,4,0,0,1,0,0,0,0,3.735,1,0,0,0
19,0,4,0,0,1,0,0,0,0,3.511,0,0,0,0
18,0,4,0,0,1,0,0,0,0,3.725,0,0,0,0
23,0,4,0,0,1,0,0,0,0,3.795,0,0,0,0
18,0,4,0,0,1,0,0,0,0,3.684,0,0,0,0
20,0,5,0,0,1,0,0,0,0,3.784,0,0,0,0
20,0,4,0,0,1,0,0,0,0,3.684,0,0,0,0
22,0,4,0,0,1,0,0,0,0,3.754,1,0,0,0
15,1,4,0,0,1,0,0,0,0,3.507,0,0,0,0
22,0,4,0,0,1,0,0,0,0,3.573,0,0,0,0
21,0,4,0,0,1,0,0,0,0,3.594,0,0,0,0
17,0,4,0,0,1,0,0,0,0,3.455,0,0,0,0
14,1,4,0,0,1,0,0,0,0,3.522,0,0,0,0
20,0,4,0,0,1,0,0,0,0,3.684,0,0,0,0
17,0,4,0,0,1,0,0,0,0,3.572,1,0,0,0
20,0,5,0,1,1,0,0,0,0,3.684,1,0,0,0
19,0,4,0,0,1,0,0,0,0,3.682,0,0,0,0
16,0,4,0,0,1,0,0,0,0,3.5,0,0,0,0
18,0,4,0,0,1,0,0,0,0,3.419,0,0,0,0
18,0,4,0,0,1,0,0,0,0,3.614,0,0,0,0
20,0,4,0,0,1,0,0,0,0,3.884,0,0,0,0
20,0,4,0,0,1,0,0,0,0,3.784,0,0,0,0
24,0,4,0,0,1,0,0,0,0,3.804,0,0,0,0
22,0,4,0,0,1,0,0,0,0,3.789,0,0,0,0
19,0,4,0,0,1,0,0,0,0,3.932,0,0,0,0
15,0,4,0,0,1,0,0,0,0,3.374,0,0,0,0
21,0,4,0,0,1,0,0,0,0,3.63,0,0,0,0
20,0,4,0,0,1,0,0,0,0,3.522,0,0,0,0
23,0,4,0,0,1,0,0,0,0,3.306,0,0,0,0
22,0,5,0,1,1,0,0,0,0,3.914,0,0,0,0
23,0,4,0,0,1,0,0,0,0,3.741,1,0,0,0
21,0,4,0,0,1,0,0,0,0,3.69,0,0,0,0
21,0,4,0,0,1,0,0,0,0,4.011,0,0,0,0
18,0,4,0,0,1,0,0,0,0,3.725,0,0,0,0
21,0,4,0,0,1,0,0,0,0,3.785,0,0,0,0
22,0,4,0,0,1,0,0,0,0,3.971,0,0,0,0
13,0,4,0,0,1,0,0,0,0,3.027,0,0,0,0
16,0,4,0,0,1,0,0,0,0,3.5,0,0,0,0
18,0,4,0,0,1,0,0,0,0,3.725,0,0,0,0
18,0,4,0,0,1,0,0,0,0,3.308,0,0,0,0
15,0,4,0,0,1,0,0,0,0,3.507,0,0,0,0
23,0,4,0,0,1,0,0,0,0,3.464,0,0,0,0
20,0,4,0,0,1,0,0,0,0,3.646,0,0,0,0
18,0,4,0,0,1,0,0,0,0,3.461,0,0,0,0
20,0,4,0,0,1,0,0,0,0,3.546,0,0,0,0
24,0,5,0,1,1,0,0,0,0,3.637,0,0,0,0
14,0,4,0,0,1,0,0,0,0,3.522,0,0,0,0
19,0,4,0,0,1,0,0,0,0,3.932,0,0,0,0
18,0,4,0,0,1,0,0,0,0,3.837,0,0,0,0
19,0,4,0,0,1,0,0,0,0,3.932,0,0,0,0
21,0,4,0,0,1,0,0,0,0,3.594,0,0,0,0
36,0,6,0,0,1,0,0,0,0,4.295,0,0,0,0
16,0,4,0,0,1,0,0,0,0,3.453,0,0,0,0
17,0,4,0,0,1,0,0,0,0,3.499,0,0,0,0
16,0,4,0,0,1,0,0,0,0,3.625,0,0,0,0
17,0,4,0,0,1,0,0,0,0,3.735,0,0,0,0
18,0,4,0,0,1,0,0,0,0,3.725,0,0,0,0
21,0,4,0,0,1,0,0,0,0,3.916,0,0,0,0
16,0,4,0,0,1,0,0,0,0,3.5,0,0,0,0
22,0,4,0,0,1,0,0,0,0,3.789,0,0,0,0
21,0,4,0,0,1,0,0,0,0,4.011,1,0,0,0
26,0,5,0,0,1,0,0,0,0,3.946,0,0,0,0
14,3,4,0,0,1,0,0,0,0,3.522,0,0,0,0
19,0,4,0,0,1,0,0,0,0,3.827,0,0,0,0
16,0,4,0,0,1,0,0,0,0,3.75,0,0,0,0
14,0,4,0,0,1,0,0,0,0,3.236,0,0,0,0
19,0,4,0,0,1,0,0,0,0,3.827,0,0,0,0
18,0,4,0,0,1,0,0,0,0,3.461,0,0,0,0
23,0,4,0,0,1,0,0,0,0,3.849,0,0,0,0
19,0,4,0,0,1,0,0,0,0,3.682,0,0,0,0
23,0,4,0,0,1,0,0,0,0,3.849,0,0,0,0
23,0,4,0,0,1,0,0,0,0,3.915,0,0,0,0
19,0,4,0,0,1,0,0,0,0,3.827,0,0,0,0
24,0,5,0,0,1,0,0,0,0,3.657,0,0,0,0
15,0,4,0,0,1,0,0,0,0,3.14,0,0,0,0
20,0,4,0,0,1,0,0,0,0,3.722,0,0,0,0
23,0,4,0,0,1,0,0,0,0,3.936,0,0,0,0
19,0,4,0,0,1,0,0,0,0,3.406,0,0,0,0
17,0,4,0,0,1,0,0,0,0,3.617,1,0,0,0
20,0,4,0,0,1,0,0,0,0,3.922,0,0,0,0
21,0,4,0,0,1,0,0,0,0,3.463,0,0,0,0
17,0,5,0,0,1,0,0,0,0,3.617,0,0,0,0
19,0,5,0,0,1,0,0,0,0,3.577,0,0,0,0
18,0,4,0,0,1,0,0,0,0,3.795,0,0,0,0
19,0,4,0,0,1,0,0,0,0,3.827,0,0,0,0
27,0,4,0,0,1,0,0,0,0,3.986,0,0,0,0
29,0,4,0,0,1,0,0,0,0,3.906,0,0,0,0
22,0,4,0,0,1,0,0,0,0,3.629,0,0,0,0
17,0,4,0,0,1,0,0,0,0,3.455,0,0,0,0
17,0,4,0,0,1,0,0,0,0,3.617,1,0,0,0
20,0,5,0,1,1,0,0,0,0,3.522,0,0,0,0
17,0,4,0,0,1,0,0,0,0,3.617,1,0,0,0
21,0,4,0,0,1,0,0,0,0,3.785,0,0,0,0
22,0,4,0,0,1,0,0,0,0,4.005,1,0,0,0
18,0,4,0,0,1,0,0,0,0,3.725,0,0,0,0
19,0,4,0,0,1,0,0,0,0,3.261,0,0,0,0
16,0,4,0,0,1,0,0,0,0,3.578,0,0,0,0
20,0,4,0,0,1,0,0,0,0,3.922,0,0,0,0
20,2,4,0,0,1,0,0,0,0,3.584,0,0,0,0
19,0,4,0,0,1,0,0,0,0,3.577,0,0,0,0
22,0,4,0,0,1,0,0,0,0,3.573,0,0,0,0
20,1,4,0,0,1,0,0,0,0,3.884,0,0,0,0
30,0,4,0,0,1,0,0,0,0,4.015,0,0,0,0
26,0,5,0,0,1,0,0,0,0,3.946,0,0,0,0
18,0,4,0,0,1,0,0,0,0,3.266,0,0,0,0
17,0,4,0,0,1,0,0,0,0,3.337,0,0,0,0
16,0,5,0,0,1,0,0,0,0,3.578,0,0,0,0
17,0,4,0,0,1,0,0,0,0,3.572,1,0,0,0
18,0,4,0,0,1,0,0,0,0,3.572,0,0,0,0
18,0,4,0,0,1,0,0,0,0,3.837,0,0,0,0
17,0,4,0,0,1,0,0,0,0,3.617,0,0,0,0
16,0,4,0,0,1,0,0,0,0,3.328,0,0,0,0
14,0,4,0,0,1,0,0,0,0,3.379,0,0,0,0
20,0,4,0,0,1,0,0,0,0,3.784,0,0,0,0
20,0,4,0,0,1,0,0,0,0,3.646,0,0,0,0
22,0,4,0,0,1,0,0,0,0,3.823,0,0,0,0
24,0,4,0,0,1,0,0,0,0,3.918,0,0,0,0
18,0,4,0,0,1,0,0,0,0,3.503,0,0,0,0
21,0,4,0,0,1,0,0,0,0,3.535,0,0,0,0
18,0,5,0,0,1,0,0,0,0,3.725,0,0,0,0
15,0,4,0,0,1,0,0,0,0,3.507,0,0,0,0
18,0,4,0,0,1,0,0,0,0,3.461,0,0,0,0
19,0,4,0,0,1,0,0,0,0,3.616,0,0,0,0
20,0,4,0,0,1,0,0,0,0,3.722,0,0,0,0
22,0,4,0,0,1,0,0,0,0,3.698,0,0,0,0
18,0,4,0,0,1,0,0,0,0,3.684,0,0,0,0
19,0,4,0,0,1,0,0,0,0,3.682,0,0,0,0
16,0,4,0,0,1,0,0,0,0,3.578,0,0,0,0
18,0,4,0,0,1,0,0,0,0,3.725,0,0,0,0
18,0,4,0,0,1,0,0,0,0,3.684,0,0,0,0
19,3,4,0,0,1,0,0,0,0,4.037,0,0,0,0
19,2,4,0,0,1,0,0,0,0,3.682,0,0,0,0
26,0,4,0,0,1,0,0,0,0,3.748,0,0,0,0
15,0,4,0,0,1,0,0,0,0,3.374,0,0,0,0
24,0,4,0,0,1,0,0,0,0,3.887,0,0,0,0
16,0,4,0,0,1,0,0,0,0,3.25,0,0,0,0
16,0,4,0,0,1,0,0,0,0,3.5,0,0,0,0
19,0,4,0,0,1,0,0,0,0,3.892,0,0,0,0
17,0,4,0,0,1,0,0,0,0,3.617,0,0,0,0
15,0,4,0,0,1,0,0,0,0,3.64,0,0,0,0
18,0,4,0,0,1,0,0,0,0,3.461,0,0,0,0
20,0,4,0,0,1,0,0,0,0,3.822,0,0,0,0
17,0,4,0,0,1,0,0,0,0,3.735,0,0,0,0
22,0,4,0,0,1,0,0,0,0,3.789,0,0,0,0
22,0,4,0,0,1,0,0,0,0,3.823,0,0,0,0
17,0,5,0,0,1,0,0,0,0,3.852,0,0,0,0
21,0,4,0,0,1,0,0,0,0,3.44,0,0,0,0
18,0,4,0,0,1,0,0,0,0,3.461,0,0,0,0
19,0,5,0,1,1,0,0,0,0,3.616,0,0,0,0
18,0,4,0,0,1,0,0,0,0,3.725,0,0,0,0
19,0,4,0,0,1,0,0,0,0,3.682,0,0,0,0
21,0,4,0,0,1,0,0,0,0,3.69,0,0,0,0
18,0,4,0,0,1,0,0,0,0,3.419,0,0,0,0
22,0,4,0,0,1,0,0,0,0,3.88,0,0,0,0
18,0,4,0,0,1,0,0,0,0,3.684,0,0,0,0
23,0,5,0,0,1,0,0,0,0,3.849,0,0,0,0
21,0,4,0,0,1,0,0,0,0,3.785,0,0,0,0
22,0,4,0,0,1,0,0,0,0,4.005,0,0,0,0
17,0,4,0,0,1,0,0,0,0,3.735,0,0,0,0
22,0,4,0,0,1,0,0,0,0,3.971,0,0,0,0
19,0,4,0,0,1,0,0,0,0,3.577,0,0,0,0
19,0,4,0,0,1,0,0,0,0,3.682,0,0,0,0
16,0,4,0,0,1,0,0,0,0,3.328,0,0,0,0
18,0,4,0,0,1,0,0,0,0,3.725,0,0,0,0
25,0,4,0,0,1,0,0,0,0,4.054,0,0,0,0
15,0,4,0,0,1,0,0,0,0,3.323,0,0,0,0
20,0,4,0,0,1,0,0,0,0,3.684,0,0,0,0
20,0,4,0,0,1,0,0,0,0,3.684,0,0,0,0
22,0,5,0,0,1,0,0,0,0,3.845,0,0,0,0
19,0,4,0,0,1,0,0,0,0,3.827,0,0,0,0
25,0,5,0,0,1,0,0,0,0,3.974,0,0,0,0
31,0,4,0,0,1,0,0,0,0,4.067,0,0,0,0
17,0,4,0,0,1,0,0,0,0,3.735,0,0,0,0
22,0,4,0,0,1,0,0,0,0,4.005,0,0,0,0
22,0,4,0,0,1,0,0,0,0,3.789,0,0,0,0
29,0,6,0,0,1,0,0,0,0,3.978,1,0,0,0
23,0,4,0,0,1,0,0,0,0,4.176,0,0,0,0
19,0,4,0,0,1,0,0,0,0,3.722,0,0,0,0
23,0,4,0,0,1,0,0,0,0,3.253,0,0,0,0
18,0,4,0,0,1,0,0,0,0,3.281,0,0,0,0
14,0,4,0,0,1,0,0,0,0,3.379,0,0,0,0
22,0,5,0,0,1,0,0,0,0,3.629,0,0,0,0
18,0,5,0,0,1,0,0,0,0,3.837,0,0,0,0
17,0,4,0,0,1,0,0,0,0,3.572,0,0,0,0
23,0,4,0,0,1,0,0,0,0,3.41,0,0,0,0
18,0,4,0,0,1,0,0,0,0,3.837,0,0,0,0
19,0,4,0,0,1,0,0,0,0,3.722,0,0,0,0
22,0,5,0,0,1,0,0,0,0,3.754,0,0,0,0
18,0,4,0,0,1,0,0,0,0,3.572,0,0,0,0
20,0,4,0,0,1,0,0,0,0,3.922,0,0,0,0
22,0,4,0,0,1,0,0,0,0,3.698,0,0,0,0
23,0,4,0,0,1,0,0,0,0,4.176,0,0,0,0
24,0,4,0,0,1,0,0,0,0,3.97,0,0,0,0
17,0,4,0,0,1,0,0,0,0,3.572,0,0,0,0
20,0,4,0,0,1,0,0,0,0,3.822,0,0,0,0
20,0,4,0,0,1,0,0,0,0,3.822,0,0,0,0
19,0,5,0,0,1,0,0,0,0,3.682,0,0,0,0
21,0,5,0,0,1,0,0,0,0,3.785,0,0,0,0
17,0,4,0,0,1,0,0,0,0,3.617,0,0,0,0
19,0,4,0,0,1,0,0,0,0,3.827,0,0,0,0
21,0,4,0,0,1,0,0,0,0,3.88,0,0,0,0
23,0,4,0,0,1,0,0,0,0,4.002,0,0,0,0
18,0,4,0,0,1,0,0,0,0,3.614,0,0,0,0
22,0,4,0,0,1,0,0,0,0,3.754,0,0,0,0
19,0,4,0,0,1,0,0,0,0,3.932,0,0,0,0
16,0,4,0,0,1,0,0,0,0,3.328,0,0,0,0
21,0,4,0,0,1,0,0,0,0,3.88,0,0,0,0
16,0,4,0,0,1,0,0,0,0,3.578,0,0,0,0
15,0,4,0,0,1,0,0,0,0,3.507,0,0,0,0
15,0,4,0,0,1,0,0,0,0,3.374,0,0,0,0
17,0,4,0,0,1,0,0,0,0,3.735,0,0,0,0
26,0,4,0,0,1,0,0,0,0,3.931,0,0,0,0
19,0,4,0,0,1,0,0,0,0,3.432,0,0,0,0
22,0,4,0,0,1,0,0,0,0,3.914,0,0,0,0
21,0,4,0,0,1,0,0,0,0,3.785,0,0,0,0
16,0,4,0,0,1,0,0,0,0,3.125,0,0,0,0
17,0,4,0,0,1,0,0,0,0,3.735,0,0,0,0
26,0,4,0,0,1,0,0,0,0,3.825,0,0,0,0
16,0,4,0,0,1,0,0,0,0,3.5,0,0,0,0
14,0,4,0,0,1,0,0,0,0,3.379,0,0,0,0
21,0,4,0,0,1,0,0,0,0,3.785,0,0,0,0
19,0,4,0,0,1,0,0,0,0,3.722,0,0,0,0
21,0,5,0,1,1,0,0,0,0,3.821,1,0,0,0
25,0,4,0,0,1,0,0,0,0,3.623,0,0,0,0
16,0,4,0,0,1,0,0,0,0,3.625,0,0,0,0
25,0,4,0,0,1,0,0,0,0,4.054,1,0,0,0
20,0,4,0,0,1,0,0,0,0,3.684,0,0,0,0
21,0,4,0,0,1,0,0,0,0,3.785,0,0,0,0
17,0,4,0,0,1,0,0,0,0,3.337,0,0,0,0
18,0,5,0,1,1,0,0,0,0,3.837,0,0,0,0
19,0,4,0,0,1,0,0,0,0,3.577,0,0,0,0
22,0,4,0,0,1,0,0,0,0,3.641,0,0,0,0
17,0,4,0,0,1,0,0,0,0,3.617,0,0,0,0
30,0,4,0,0,1,0,0,0,0,3.965,0,0,0,0
15,0,4,0,0,1,0,0,0,0,3.374,0,0,0,0
18,0,4,0,0,1,0,0,0,0,3.837,0,0,0,0
25,2,7,0,0,1,0,0,0,0,4.134,0,0,0,0
16,0,4,0,0,1,0,0,0,0,3.5,0,0,0,0
21,0,4,0,0,1,0,0,0,0,4.011,1,0,0,0
15,0,4,0,0,1,0,0,0,0,3.323,0,0,0,0
18,0,4,0,0,1,0,0,0,0,3.503,0,0,0,0
21,0,4,0,0,1,0,0,0,0,3.88,0,0,0,0
21,0,5,0,0,1,0,0,0,0,3.785,0,0,0,0
17,0,4,0,0,1,0,0,0,0,3.852,0,0,0,0
15,0,4,0,0,1,0,0,0,0,3.323,0,0,0,0
20,0,4,0,0,1,0,0,0,0,3.322,0,0,0,0
24,0,4,0,0,1,0,0,0,0,4.054,0,0,0,0
22,0,4,0,0,1,0,0,0,0,3.573,0,0,0,0
22,0,4,0,0,1,0,0,0,0,4.096,0,0,0,0
14,0,4,0,0,1,0,0,0,0,3.236,0,0,0,0
22,0,4,0,0,1,0,0,0,0,3.664,0,0,0,0
24,0,4,0,0,1,0,0,0,0,3.97,0,0,0,0
26,1,4,0,0,1,0,0,0,0,3.825,0,0,0,0
23,0,4,0,0,1,0,0,0,0,3.671,0,0,0,0
20,0,4,0,0,1,0,0,0,0,3.622,0,0,0,0
20,0,4,0,0,1,0,0,0,0,3.484,0,0,0,0
21,0,4,0,0,1,0,0,0,0,3.785,0,0,0,0
17,0,4,0,0,1,0,0,0,0,3.617,0,0,0,0
18,0,4,0,0,1,0,0,0,0,3.684,0,0,0,0
21,0,4,0,0,1,0,0,0,0,3.975,0,0,0,0
18,0,4,0,0,1,0,0,0,0,3.725,0,0,0,0
32,0,4,0,0,1,0,0,0,0,3.929,0,0,0,0
23,0,4,0,0,1,0,0,0,0,3.675,0,0,0,0
19,0,4,0,0,1,0,0,0,0,3.827,0,0,0,0
22,0,4,0,0,1,0,0,0,0,3.732,0,0,0,0
20,0,4,0,0,1,0,0,0,0,3.446,0,0,0,0
20,0,4,0,0,1,0,0,0,0,3.884,0,0,0,0
23,0,4,0,0,1,0,0,0,0,3.969,0,0,0,0
21,0,4,0,0,1,0,0,0,0,3.916,0,0,0,0
27,0,5,0,0,1,0,0,0,0,3.902,0,0,0,0
20,0,4,0,0,1,0,0,0,0,3.884,0,0,0,0
18,0,5,0,1,1,0,0,0,0,3.572,0,0,0,0
20,0,4,0,0,1,0,0,0,0,3.622,0,0,0,0
19,0,4,0,0,1,0,0,0,0,3.682,0,0,0,0
21,0,4,0,0,1,0,0,0,0,3.88,0,0,0,0
23,0,4,0,0,1,0,0,0,0,3.708,0,0,0,0
23,0,4,0,0,1,0,0,0,0,3.969,0,0,0,0
18,0,4,0,0,1,0,0,0,0,3.948,0,0,0,0
18,0,4,0,0,1,0,0,0,0,3.725,0,0,0,0
24,0,4,0,0,1,0,0,0,0,3.689,0,0,0,0
21,0,4,0,0,1,0,0,0,0,3.88,0,0,0,0
18,0,4,0,0,1,0,0,0,0,3.684,0,0,0,0
21,0,4,0,0,1,0,0,0,0,3.785,0,0,0,0
19,1,4,0,0,1,0,0,0,0,3.682,0,0,0,0
19,0,4,0,0,1,0,0,0,0,3.932,0,0,0,0
24,0,4,0,0,1,0,0,0,0,3.804,0,0,0,0
24,0,5,0,0,1,0,0,0,0,3.72,0,0,0,0
19,0,4,0,0,1,0,0,0,0,3.827,0,0,0,0
19,0,4,0,0,1,0,0,0,0,3.682,0,0,0,0
15,0,4,0,0,1,0,0,0,0,3.507,0,0,0,0
15,0,4,0,0,1,0,0,0,0,3.374,0,0,0,0
22,0,4,0,0,1,0,0,0,0,3.698,0,0,0,0
21,0,4,0,0,1,0,0,0,0,3.785,0,0,0,0
22,0,4,0,0,1,0,0,0,0,3.55,0,0,0,0
21,0,4,0,0,1,0,0,0,0,3.785,0,0,0,0
27,0,5,0,1,1,0,0,0,0,4.06,0,0,0,0
19,0,4,0,0,1,0,0,0,0,3.787,0,0,0,0
15,0,4,0,0,1,0,0,0,0,3.107,0,0,0,0
16,0,4,0,0,1,0,0,0,0,3.578,0,0,0,0
18,0,4,0,0,1,0,0,0,0,3.392,0,0,0,0
17,0,4,0,0,1,0,0,0,0,3.617,0,0,0,0
15,0,4,0,0,1,0,0,0,0,3.507,0,0,0,0
18,0,4,0,0,1,0,0,0,0,3.948,0,0,0,0
20,0,4,0,0,1,0,0,0,0,3.884,0,0,0,0
14,0,4,0,0,1,0,0,0,0,3.522,0,0,0,0
23,0,4,0,0,1,0,0,0,0,3.762,0,0,0,0
21,0,4,0,0,1,0,0,0,0,3.916,1,0,0,0
21,0,4,0,0,1,0,0,0,0,3.63,0,0,0,0
18,0,4,0,0,1,0,0,0,0,3.837,0,0,0,0
21,0,4,0,0,1,0,0,0,0,3.785,0,0,0,0
19,0,4,0,0,1,0,0,0,0,3.827,0,0,0,0
18,0,4,0,0,1,0,0,0,0,3.684,0,0,0,0
22,0,4,0,0,1,0,0,0,0,3.914,0,0,0,0
19,0,4,0,0,1,0,0,0,0,3.432,0,0,0,0
17,0,4,0,0,1,0,0,0,0,3.617,0,0,0,0
16,0,4,0,0,1,0,0,0,0,3.5,0,0,0,0
27,0,5,0,1,1,0,0,0,0,3.986,0,0,0,0
21,0,4,0,0,1,0,0,0,0,3.916,0,0,0,0
21,0,5,0,1,1,0,0,0,0,3.69,1,0,0,0
16,0,4,0,0,1,0,0,0,0,3.75,0,0,0,0
19,0,4,0,0,1,0,0,0,0,3.892,0,0,0,0
20,0,5,0,1,1,0,0,0,0,3.922,0,0,0,0
14,0,4,0,0,1,0,0,0,0,3.379,0,0,0,0
16,0,4,0,0,1,0,0,0,0,3.453,0,0,0,0
18,0,4,0,0,1,0,0,0,0,3.155,0,0,0,0
23,0,5,0,0,1,0,0,0,0,3.936,0,0,0,0
15,0,4,0,0,1,0,0,0,0,3.64,0,0,0,0
22,0,4,0,0,1,0,0,0,0,3.823,0,0,0,0
28,0,5,0,1,1,0,0,0,0,4.209,0,0,0,0
20,0,4,0,0,1,0,0,0,0,3.922,0,0,0,0
17,0,4,0,0,1,0,0,0,0,3.617,0,0,0,0
19,0,4,0,0,1,0,0,0,0,3.537,0,0,0,0
23,0,4,0,0,1,0,0,0,0,3.741,0,0,0,0
16,0,4,0,0,1,0,0,0,0,3.625,0,0,0,0
36,0,4,0,0,1,0,0,0,0,3.851,1,0,0,0
16,0,4,0,0,1,0,0,0,0,3.203,0,0,0,0
17,0,4,0,0,1,0,0,0,0,3.735,0,0,0,0
24,0,5,0,0,1,0,0,0,0,3.97,0,0,0,0
15,0,4,0,0,1,0,0,0,0,3.507,0,0,0,0
22,0,4,0,0,1,0,0,0,0,3.789,0,0,0,0
18,0,4,0,0,1,0,0,0,0,3.725,0,0,0,0
21,0,5,0,1,1,0,0,0,0,3.975,0,0,0,0
19,0,4,0,0,1,0,0,0,0,3.827,0,0,0,0
16,0,4,0,0,1,0,0,0,0,3.5,0,0,0,0
17,0,4,0,0,1,0,0,0,0,3.455,0,0,0,0
24,0,4,0,0,1,0,0,0,0,3.855,0,0,0,0
19,0,4,0,0,1,0,0,0,0,3.722,0,0,0,0
20,0,5,0,1,1,0,0,0,0,3.584,1,0,0,0
15,1,4,0,0,1,0,0,0,0,3.64,0,0,0,0
30,0,4,0,0,1,0,0,0,0,3.99,0,0,0,0
18,0,4,0,0,1,0,0,0,0,3.837,0,0,0,0
20,0,4,0,0,1,0,0,0,0,4.022,0,0,0,0
17,0,4,0,0,1,0,0,0,0,3.499,0,0,0,0
28,0,5,0,0,1,0,0,0,0,3.896,0,0,0,0
21,0,4,0,0,1,0,0,0,0,3.821,0,0,0,0
20,0,4,0,0,1,0,0,0,0,3.784,0,0,0,0
22,0,4,0,0,1,0,0,0,0,3.88,0,0,0,0
15,0,4,0,0,1,0,0,0,0,3,0,0,0,0
21,0,4,0,0,1,0,0,0,0,3.726,0,0,0,0